,1,2,3,4,5,6,7,8,9,10,11,12,class_month
1996,"['SN', 'SN', 'FG', 'FG', 'FG', 'FG', 'FG', 'FG', 'SN', 'SN', 'SN']","['FG', 'FG', 'FG', 'FG', 'SN', 'FG', 'SN', 'SN', 'SN', 'SN', 'SN', 'SN']","['SN', 'SN', 'SN', 'SN', 'SN', 'RA']","['SN', 'SN', 'RA']","['RA', 'FG', 'RA', 'RA']","['RA', 'SN']","['RA', 'RA']",[],"['SN', 'RA', 'SN', 'SN']","['RA', 'SN', 'SN', 'SN', 'SN', 'SN', 'SN', 'SN', 'SN']","['SN', 'SN', 'SN', 'SN', 'SN', 'SN', 'SN']","['SN', 'SN', 'SN', 'SN', 'SN']",05
1997,"['BR', 'BR', 'SN', 'SN', 'BR']","['BR', 'SN', 'BR', 'BR', 'SN']","['SN', 'SN', 'SN']","['SN', 'SN', 'SN', 'RA']","['RA', 'RA', 'RA', 'RA', 'RA', 'RA']",['RA'],"['RA', 'RA', 'RA']","['RA', 'RA', 'RA', 'RA', 'RA', 'RA', 'RA', 'RA', 'RA', 'RA', 'RA', 'RA', 'RA', 'RA']",[],[],[],[],04
1998,"['SN', 'SN', 'SN', 'BR', 'FG', 'BR', 'HZ', 'SN', 'BR', 'HZ', 'HZ', 'SN', 'HZ', 'HZ']","['SN', 'BR', 'HZ', 'RA', 'SN', 'BR', 'SN', 'BR', 'SN']","['SN', 'SN', 'BR', 'SN', 'BR', 'SN', 'BR', 'SN', 'SN', 'SN']","['SN', 'BR', 'RA', 'RA', 'SN', 'BR', 'SN', 'BR', 'SN']","['RA', 'SN', 'BR', 'SN', 'BR', 'RA', 'RA', 'RA', 'RA', 'BR', 'RA', 'RA', 'RA', 'RA']","['RA', 'RA', 'RA', 'RA', 'RA', 'RA', 'RA', 'FG', 'BR', 'RA', 'FG', 'BR', 'BR', 'RA', 'RA', 'BR', 'FG', 'BR', 'RA', 'BR', 'RA', 'BR', 'RA', 'RA', 'BR', 'FG']","['RA', 'RA', 'RA', 'BR', 'RA', 'RA', 'BR', 'RA', 'RA', 'RA', 'BR', 'RA', 'BR', 'RA', 'HZ', 'RA', 'BR', 'HZ', 'RA', 'BR', 'RA', 'BR', 'RA', 'RA', 'RA', 'RA']","['RA', 'RA', 'BR', 'RA', 'RA', 'RA', 'BR', 'RA', 'BR', 'RA', 'BR', 'RA', 'BR', 'RA', 'RA', 'RA', 'BR', 'RA', 'BR', 'RA', 'BR', 'RA', 'BR', 'RA', 'RA', 'RA', 'RA', 'RA', 'RA', 'RA', 'RA', 'RA', 'BR', 'RA']","['RA', 'RA', 'RA', 'BR', 'FG', 'BR', 'RA', 'RA', 'BR', 'FG', 'BR', 'BR', 'RA', 'BR', 'RA', 'BR', 'RA', 'BR', 'RA', 'BR', 'RA', 'RA', 'BR', 'RA', 'RA', 'RA', 'BR']","['SN', 'BR', 'SN', 'BR', 'SN', 'BR', 'FG', 'BR', 'SN', 'SN', 'BR', 'SN', 'BR']","['BR', 'SN', 'SN', 'SN', 'HZ', 'SN', 'BR', 'SN', 'BR', 'SN', 'BR', 'SN', 'BR', 'SN', 'BR', 'SN', 'SN']","['SN', 'BR', 'SN', 'BR', 'SN', 'BR', 'SN', 'BR', 'SN', 'BR', 'SN', 'BR', 'SN', 'BR', 'SN', 'BR', 'SN', 'BR', 'SN', 'BR', 'SN', 'BR', 'SN', 'BR', 'HZ', 'SN', 'BR', 'BR', 'HZ', 'SN', 'BR', 'FG', 'BR', 'BR', 'SN']",04
1999,"['SN', 'SN', 'BR', 'HZ', 'BR', 'SN', 'BR', 'SN', 'BR', 'SN', 'BR', 'SN', 'SN', 'BR', 'SN', 'BR', 'HZ', 'BR', 'HZ', 'BR', 'HZ', 'SN', 'BR', 'BR', 'HZ', 'BR', 'HZ', 'BR', 'HZ', 'SN', 'BR', 'HZ', 'SN', 'BR', 'HZ', 'HZ']","['SN', 'SN', 'HZ', 'SN', 'BR', 'HZ', 'SN', 'BR', 'HZ', 'SN', 'BR', 'HZ', 'SN', 'BR', 'HZ', 'SN', 'BR', 'HZ', 'SN', 'HZ', 'SN', 'BR', 'HZ', 'BR', 'HZ', 'BR', 'HZ', 'SN', 'BR', 'HZ', 'SN', 'BR', 'SN', 'BR', 'SN', 'BR']","['SN', 'BR', 'SN', 'BR', 'SN', 'BR', 'HZ', 'HZ', 'SN', 'SN', 'SN', 'HZ', 'SN', 'BR']","['SN', 'BR', 'SN', 'BR', 'SN', 'FG', 'SN', 'RA', 'SN', 'BR']","['SN', 'BR', 'RA', 'RA', 'RA', 'FG', 'BR', 'RA', 'RA', 'RA', 'FG', 'BR', 'FG', 'BR', 'RA', 'BR', 'BR', 'RA']","['RA', 'BR', 'RA', 'RA', 'RA', 'RA', 'RA', 'BR', 'RA', 'BR', 'RA', 'FG', 'RA', 'BR', 'RA', 'RA', 'BR', 'BR', 'RA', 'RA', 'RA', 'RA', 'RA']","['HZ', 'HZ', 'RA', 'HZ', 'RA', 'RA', 'RA', 'RA', 'BR', 'RA', 'BR', 'RA', 'BR', 'BR', 'RA', 'RA', 'RA', 'BR', 'RA', 'RA', 'RA', 'RA', 'BR', 'RA', 'BR', 'RA', 'BR', 'RA', 'BR', 'RA', 'RA']","['RA', 'RA', 'BR', 'RA', 'RA', 'BR', 'FG', 'BR', 'RA', 'RA', 'BR', 'RA', 'RA', 'RA', 'BR', 'BR', 'RA', 'RA', 'RA', 'FG', 'BR']","['RA', 'RA', 'BR', 'FG', 'BR', 'RA', 'BR', 'RA', 'RA', 'BR', 'RA', 'RA', 'SN', 'BR', 'RA', 'SN', 'BR']","['TS', 'FZRA', 'SN', 'BR', 'SN', 'BR', 'SN', 'BR', 'SN', 'BR', 'FG', 'BR', 'SN', 'FG', 'BR', 'SN', 'BR', 'SN', 'BR', 'SN', 'BR', 'SN', 'BR', 'SN', 'BR', 'SN', 'BR', 'SN', 'BR', 'SN', 'SN', 'BR', 'SN', 'BR', 'SN', 'BR', 'SN', 'BR', 'SN', 'BR']","['SN', 'BR', 'HZ', 'SN', 'BR', 'SN', 'BR', 'SN', 'BR', 'SN', 'BR', 'SN', 'BR', 'SN', 'BR', 'SN', 'SN', 'BR', 'SN', 'BR', 'FG', 'BR', 'SN', 'FG', 'BR', 'BR', 'HZ', 'SN', 'BR', 'SN', 'BR', 'HZ', 'SN', 'BR', 'HZ', 'BR']","['SN', 'SN', 'SN', 'BR', 'SN', 'SN', 'SN', 'SN', 'SN', 'SN', 'SN']",04
2000,[],[],[],[],[],[],[],[],[],[],[],[],05
2001,[],[],[],[],[],[],[],[],[],[],[],[],05
2002,[],[],[],[],[],[],[],[],[],[],[],[],05
2003,[],[],[],[],[],[],[],[],[],[],[],[],04
2004,"['HZ', 'SN', 'BR', 'SN', 'BR', 'SN', 'BR', 'HZ', 'BR', 'HZ', 'BR', 'HZ', 'HZ', 'SN', 'BR', 'SN', 'BR', 'HZ', 'SN', 'BR', 'HZ', 'SN', 'HZ', 'SN', 'BR', 'HZ', 'SN', 'HZ', 'BR', 'HZ', 'BR', 'HZ', 'BR', 'HZ', 'BR', 'HZ', 'SN', 'HZ', 'SN', 'BR', 'HZ', 'SN', 'BR', 'HZ', 'SN', 'SN', 'SN']","['SN', 'BR', 'SN', 'BR', 'HZ', 'HZ', 'SN', 'BR', 'SN', 'SN', 'HZ', 'SN', 'BR', 'SN', 'HZ', 'SN', 'HZ']","['SN', 'BR', 'HZ', 'SN', 'BR', 'SN', 'FG', 'BR', 'HZ', 'SN', 'FG', 'BR', 'HZ', 'SN', 'HZ', 'HZ', 'SN', 'BR', 'HZ', 'SN', 'FG', 'BR', 'HZ', 'SN', 'FG']","['SN', 'SN', 'SN', 'BR', 'RA', 'RA', 'RA']","['RA', 'BR', 'RA', 'BR', 'RA', 'SN', 'BR', 'RA', 'BR', 'RA', 'BR', 'RA', 'RA', 'RA', 'FG', 'BR', 'RA', 'BR', 'RA', 'RA', 'RA', 'BR', 'RA', 'BR', 'FG', 'BR', 'RA', 'FG', 'BR', 'RA', 'BR']","['RA', 'RA', 'BR', 'FG', 'BR', 'RA', 'BR', 'RA', 'RA', 'RA', 'FG', 'BR', 'RA', 'HZ', 'BR', 'HZ', 'BR', 'HZ', 'FG', 'BR', 'HZ', 'FG', 'BR', 'HZ']","['FG', 'BR', 'HZ', 'BR', 'HZ', 'RA', 'BR', 'HZ', 'RA', 'BR', 'HZ', 'RA', 'BR', 'RA', 'BR', 'RA', 'BR', 'HZ', 'HZ', 'RA', 'BR', 'RA', 'BR', 'RA', 'BR', 'FG', 'BR', 'HZ', 'BR', 'RA', 'BR', 'RA', 'BR', 'HZ', 'RA', 'BR', 'HZ', 'RA', 'RA', 'RA', 'BR', 'RA', 'BR', 'RA', 'BR']","['RA', 'BR', 'HZ', 'BR', 'HZ', 'BR', 'HZ', 'BR', 'HZ', 'BR', 'HZ', 'FG', 'BR', 'HZ', 'FG', 'BR', 'HZ', 'FG', 'BR', 'HZ', 'FG', 'BR', 'HZ', 'FG', 'BR', 'HZ', 'FG', 'BR', 'HZ', 'FG', 'BR', 'HZ', 'BR', 'HZ', 'BR', 'HZ', 'RA', 'BR', 'HZ', 'RA', 'BR', 'HZ', 'BR', 'HZ', 'FG', 'BR', 'HZ', 'BR', 'HZ', 'BR', 'HZ']","['RA', 'BR', 'HZ', 'RA', 'BR', 'BR', 'BR', 'HZ', 'BR', 'HZ', 'FG', 'BR', 'HZ', 'BR', 'HZ', 'RA', 'SN', 'BR', 'SN', 'FG', 'BR', 'SN', 'BR', 'SN', 'SN', 'SN', 'SN', 'RA', 'SN', 'BR', 'HZ', 'SN', 'SN', 'FG', 'BR', 'RA', 'SN', 'FG', 'BR', 'SN', 'FG', 'BR', 'SN', 'BR', 'SN', 'RA', 'SN', 'FG', 'BR']","['SN', 'SN', 'SN', 'SN', 'BR', 'SN', 'BR', 'BR', 'SN', 'BR', 'SN', 'FG', 'BR', 'SN', 'BR', 'SN', 'BR', 'SN', 'BR', 'SN', 'BR', 'SN', 'BR', 'SN', 'FG', 'BR', 'SN', 'BR', 'SN', 'BR', 'SN', 'BR']","['SN', 'BR', 'SN', 'BR', 'SN', 'BR', 'SN', 'BR', 'SN', 'BR', 'SN', 'BR', 'SN', 'SN', 'SN', 'SN', 'BR', 'SN', 'BR', 'SN', 'BR', 'SN', 'BR', 'SN', 'SN', 'BR', 'SN', 'BR', 'SN', 'SN', 'BR', 'SN', 'BR', 'SN', 'SN', 'SN', 'SN', 'BR', 'SN']","['SN', 'BR', 'SN', 'BR', 'SN', 'BR', 'SN', 'BR', 'HZ', 'SN', 'SN', 'SN', 'SN', 'SN', 'FG', 'SN', 'SN', 'SN', 'BR', 'SN', 'SN', 'SN', 'SN', 'BR', 'SN', 'BR', 'SN', 'BR', 'SN', 'SN', 'BR', 'SN', 'BR', 'SN', 'FG', 'SN', 'BR', 'SN', 'BR', 'SN', 'BR', 'SN', 'BR', 'HZ', 'SN', 'FG']",04
2005,"['SN', 'UP', 'SN', 'BR', 'UP', 'SN', 'BR', 'UP', 'SN', 'FZFG', 'BR', 'UP', 'FG', 'SN', 'BR', 'UP', 'RA', 'SN', 'BR', 'UP', 'UP', 'SN', 'UP', 'UP', 'BR', 'FZFG', 'BR', 'HZ', 'FG', 'FZFG', 'BR', 'HZ', 'FG', 'BR', 'HZ', 'SN', 'SN', 'BR', 'HZ', 'UP', 'SN', 'UP', 'HZ', 'SN', 'UP', 'SN', 'UP', 'UP', 'UP', 'UP', 'UP', 'UP', 'HZ', 'UP', 'HZ', 'UP', 'UP', 'UP', 'UP']","['BR', 'HZ', 'BR', 'HZ', 'BR', 'UP', 'HZ', 'BR', 'HZ', 'BR', 'HZ', 'UP', 'RA', 'UP', 'SN', 'UP', 'UP', 'UP', 'UP', 'UP', 'UP', 'SN', 'UP', 'UP', 'SN', 'BR', 'UP', 'FZRA', 'FZFG', 'BR', 'UP', 'FG', 'UP', 'UP', 'UP', 'FZFG', 'BR', 'UP', 'HZ', 'FG', 'UP', 'SN', 'BR', 'UP', 'SN', 'BR', 'UP', 'FG', 'SN', 'UP', 'FG']","['SN', 'BR', 'UP', 'SN', 'UP', 'SN', 'UP', 'UP', 'UP', 'RA', 'UP', 'UP', 'UP', 'FZFG', 'BR', 'UP', 'FG', 'UP', 'RA', 'SN', 'BR', 'UP', 'UP', 'UP', 'UP', 'SN', 'UP', 'SN', 'UP', 'UP', 'UP', 'UP', 'UP', 'SN', 'BR', 'UP', 'SN', 'BR', 'UP', 'SN', 'BR', 'UP', 'UP', 'UP']","['SN', 'UP', 'SN', 'BR', 'UP', 'SN', 'BR', 'UP', 'SN', 'BR', 'UP', 'UP', 'UP', 'RA', 'UP', 'UP', 'SN', 'UP', 'SN', 'UP', 'UP', 'SN', 'BR', 'SN', 'BR']","['RA', 'HZ', 'RA', 'BR', 'HZ', 'BR', 'BR']","['HZ', 'BR', 'FG', 'BR', 'HZ', 'BR', 'HZ', 'BR', 'BR', 'BR', 'HZ', 'HZ', 'BR', 'HZ', 'HZ']","['BR', 'HZ', 'BR', 'HZ', 'BR', 'BR', 'HZ', 'HZ', 'BR', 'HZ', 'HZ', 'BR', 'HZ', 'BR', 'HZ', 'BR', 'HZ', 'HZ', 'BR', 'HZ', 'BR', 'BR', 'HZ']","['RA', 'RA', 'BR', 'BR', 'HZ', 'RA', 'BR', 'HZ', 'RA', 'BR', 'BR', 'HZ', 'FG', 'BR', 'HZ', 'FG', 'BR', 'HZ', 'FG', 'BR', 'HZ', 'BR', 'HZ', 'BR', 'HZ', 'FG', 'BR', 'HZ', 'BR', 'HZ', 'FG', 'FZFG', 'BR', 'HZ', 'BR', 'HZ', 'RA', 'FG', 'BR', 'RA', 'RA', 'BR', 'RA', 'RA', 'RA', 'RA', 'BR', 'RA', 'RA', 'BR']","['RA', 'UP', 'RA', 'FZFG', 'BR', 'UP', 'FG', 'RA', 'RA', 'RA', 'RA', 'RA', 'BR', 'RA', 'BR', 'RA', 'RA', 'RA', 'BR', 'RA', 'RA', 'RA', 'RA', 'RA', 'RA', 'BR', 'RA', 'RA', 'BR', 'RA', 'RA', 'RA', 'RA', 'BR', 'RA', 'RA', 'RA', 'RA', 'SN', 'BR', 'SN', 'BR', 'SN', 'BR']","['BR', 'SN', 'HZ', 'RA', 'SN', 'UP', 'RA', 'UP', 'SN', 'UP', 'SN', 'SN', 'BR', 'UP', 'SN', 'BR', 'SN', 'UP', 'RA', 'SN', 'BR', 'UP', 'SN', 'BR', 'SN', 'BR', 'SN', 'BR', 'SN', 'UP', 'SN', 'BR', 'UP', 'SN', 'BR', 'UP', 'SN', 'UP', 'SN', 'SN', 'UP']","['SN', 'FZFG', 'BR', 'UP', 'HZ', 'FG', 'SN', 'FZFG', 'BR', 'FG', 'UP', 'SN', 'UP', 'SN', 'HZ', 'HZ', 'UP', 'SN', 'SN', 'SN', 'SN', 'SN', 'SN', 'SN', 'BR', 'UP', 'SN', 'SN', 'SN', 'BR', 'SN', 'SN', 'BR', 'SN', 'SN', 'BR', 'SN', 'BR', 'SN', 'SN', 'SN', 'HZ', 'SN', 'BR', 'HZ', 'SN', 'SN', 'BR', 'UP']","['SN', 'BR', 'HZ', 'BR', 'HZ', 'SN', 'SN', 'BR', 'UP', 'UP', 'UP', 'SN', 'UP', 'SN', 'SN', 'UP', 'UP', 'FZRA', 'FZFG', 'BR', 'UP', 'FG', 'FZFG', 'BR', 'UP', 'FG', 'FZFG', 'BR', 'UP', 'FG', 'UP', 'SN', 'BR', 'UP', 'SN', 'BR', 'UP', 'UP', 'UP', 'UP', 'UP', 'UP', 'UP']",04
2006,"['SN', 'SN', 'SN', 'BR', 'SN', 'BR', 'SN', 'HZ', 'SN', 'FZFG', 'BR', 'HZ', 'FG', 'SN', 'UP', 'SN', 'HZ', 'SN', 'UP', 'BR', 'HZ', 'SN', 'BR', 'UP', 'HZ', 'FZFG', 'BR', 'UP', 'HZ', 'FG', 'SN', 'BR', 'UP', 'HZ', 'SN', 'BR', 'UP', 'HZ', 'SN', 'SN', 'BR', 'HZ', 'SN']","['SN', 'HZ', 'SN', 'BR', 'UP', 'HZ', 'BR', 'UP', 'HZ', 'SN', 'SN', 'SN', 'BR', 'UP', 'UP', 'RA', 'SN', 'SN', 'HZ', 'SN', 'SN', 'RA', 'SN', 'BR', 'SN', 'SN', 'FZFG', 'BR', 'UP', 'FG', 'UP', 'SN', 'BR', 'UP', 'SN', 'BR', 'UP', 'HZ', 'SN', 'FZFG', 'BR', 'UP', 'FG', 'SN', 'FZFG', 'BR', 'UP', 'FG', 'SN', 'BR', 'UP', 'SN', 'UP']","['SN', 'BR', 'UP', 'SN', 'UP', 'UP', 'SN', 'UP', 'UP', 'SN', 'BR', 'UP', 'SN', 'BR', 'SN', 'BR', 'SN', 'UP', 'HZ', 'SN', 'UP', 'SN', 'UP', 'SN', 'UP', 'SN', 'UP', 'SN', 'UP', 'SN', 'UP', 'UP', 'SN', 'UP', 'HZ', 'SN', 'UP', 'SN', 'BR', 'SN', 'SN', 'BR', 'UP', 'SN', 'UP', 'UP']","['SN', 'SN', 'BR', 'SN', 'SN', 'BR', 'UP', 'SN', 'BR', 'SN', 'FZFG', 'BR', 'UP', 'FG', 'SN', 'BR', 'UP', 'RA', 'UP', 'RA', 'RA', 'SN', 'BR', 'RA', 'SN', 'BR', 'UP', 'RA', 'SN', 'RA']","['RA', 'RA', 'RA', 'RA', 'BR', 'RA', 'RA', 'FG', 'BR', 'RA']","['RA', 'RA', 'BR', 'HZ', 'HZ', 'HZ', 'HZ', 'HZ', 'RA', 'RA', 'BR', 'RA', 'FG', 'BR', 'HZ', 'RA', 'RA', 'RA', 'HZ', 'RA', 'BR', 'HZ', 'BR', 'HZ', 'RA', 'HZ', 'RA', 'BR', 'HZ', 'RA', 'RA', 'BR']","['RA', 'RA', 'BR', 'RA', 'BR', 'BR', 'RA', 'RA', 'BR', 'RA', 'BR', 'RA', 'RA', 'RA', 'RA', 'RA', 'BR', 'RA', 'BR', 'RA', 'BR', 'RA', 'HZ', 'HZ', 'RA', 'BR', 'HZ', 'RA', 'FG', 'BR', 'RA', 'BR', 'RA', 'BR']","['RA', 'RA', 'BR', 'RA', 'RA', 'BR', 'RA', 'BR', 'RA', 'RA', 'BR', 'RA', 'RA', 'BR', 'DZ', 'RA', 'BR', 'RA', 'BR', 'RA', 'RA', 'BR', 'RA', 'BR', 'RA', 'BR', 'RA', 'FG', 'BR', 'RA', 'BR', 'RA', 'BR', 'RA', 'RA', 'SN', 'FG', 'BR', 'RA', 'BR', 'RA', 'BR', 'FG', 'BR', 'RA', 'RA', 'BR']","['RA', 'BR', 'RA', 'FG', 'BR', 'RA', 'RA', 'RA', 'RA', 'BR', 'RA', 'RA', 'BR', 'RA', 'RA', 'RA', 'RA', 'HZ', 'RA', 'BR', 'RA', 'HZ', 'RA', 'RA', 'RA', 'BR', 'BR', 'RA', 'FZFG', 'BR', 'FG', 'RA', 'DZ', 'FG', 'RA', 'BR', 'DZ', 'RA', 'SN', 'BR', 'UP']","['BR', 'BR', 'RA', 'RA', 'SN', 'BR', 'UP', 'RA', 'BR', 'UP', 'RA', 'RA', 'RA', 'BR', 'SN', 'FG', 'FZFG', 'BR', 'RA', 'SN', 'FZFG', 'BR', 'FG', 'RA', 'UP', 'RA', 'BR', 'RA', 'BR', 'SN', 'BR', 'RA', 'SN', 'FZFG', 'BR', 'FG', 'SN', 'BR', 'RA', 'SN', 'BR', 'UP', 'RA', 'SN', 'FZFG', 'BR', 'RA', 'FG', 'SN', 'RA', 'SN', 'BR', 'RA', 'SN', 'FZFG', 'BR', 'FG', 'SN', 'BR', 'SN', 'BR', 'SN', 'UP', 'SN', 'FZFG', 'BR', 'FG']","['SN', 'FZFG', 'BR', 'FG', 'SN', 'BR', 'FZFG', 'BR', 'FG', 'SN', 'SN', 'RA', 'BR', 'SN', 'BR', 'HZ', 'RA', 'HZ', 'RA', 'RA', 'SN', 'RA', 'SN', 'HZ', 'RA', 'SN', 'UP', 'HZ', 'SN', 'UP', 'HZ', 'SN', 'BR', 'HZ', 'SN', 'BR', 'SN', 'RA', 'SN', 'RA', 'SN', 'RA', 'BR', 'SN', 'HZ', 'RA', 'SN', 'SN', 'HZ', 'SN', 'SN', 'UP', 'SN', 'SN', 'SN', 'UP', 'SN', 'SN']","['SN', 'FZFG', 'BR', 'FG', 'SN', 'RA', 'BR', 'SN', 'RA', 'SN', 'UP', 'RA', 'SN', 'RA', 'BR', 'SN', 'BR', 'RA', 'UP', 'RA', 'RA', 'RA', 'RA', 'RA', 'BR', 'RA', 'SN', 'BR', 'HZ', 'SN', 'BR', 'HZ', 'SN', 'RA', 'BR', 'SN', 'SN', 'BR', 'RA', 'RA', 'BR', 'SN', 'BR', 'RA', 'RA', 'RA', 'SN', 'BR', 'HZ', 'SN', 'BR', 'HZ', 'RA', 'SN', 'BR', 'RA', 'SN', 'BR', 'HZ', 'SN', 'SN', 'BR', 'RA', 'SN', 'BR', 'RA', 'SN', 'BR', 'HZ', 'RA']",05
2007,"['SN', 'BR', 'HZ', 'RA', 'HZ', 'RA', 'SN', 'HZ', 'RA', 'SN', 'HZ', 'RA', 'BR', 'SN', 'HZ', 'SN', 'HZ', 'RA', 'BR', 'PL', 'SN', 'HZ', 'RA', 'SN', 'BR', 'HZ', 'RA', 'FZFG', 'BR', 'HZ', 'FG', 'SN', 'SN', 'SN', 'BR', 'SN', 'FZFG', 'BR', 'FG', 'SN', 'FZFG', 'BR', 'RA', 'FG', 'SN', 'BR', 'RA', 'SN', 'RA', 'RA', 'SN', 'RA', 'SN', 'BR', 'RA', 'RA', 'SN', 'BR', 'RA', 'SN', 'BR', 'SN', 'BR', 'HZ', 'RA', 'SN', 'BR', 'HZ', 'RA', 'SN', 'HZ', 'SN', 'BR', 'RA', 'FG', 'BR']","['RA', 'BR', 'FZFG', 'BR', 'RA', 'FG', 'DZ', 'RA', 'RA', 'SN', 'BR', 'UP', 'SN', 'BR', 'SN', 'RA', 'RA', 'RA', 'RA', 'RA', 'RA', 'RA', 'SN', 'RA', 'SN', 'BR', 'HZ', 'SN', 'HZ', 'RA', 'SN', 'SN', 'BR', 'HZ', 'SN', 'BR', 'HZ']","['BR', 'HZ', 'SN', 'BR', 'HZ', 'RA', 'SN', 'PL', 'SN', 'BR', 'RA', 'DZ', 'SN', 'RA', 'RA', 'SN', 'RA', 'SN', 'HZ', 'RA', 'RA', 'SN', 'RA', 'SN', 'SN', 'HZ', 'SN', 'HZ', 'BR', 'SN', 'RA', 'RA', 'SN', 'RA', 'SN', 'BR', 'HZ', 'RA', 'SN', 'BR', 'RA', 'SN', 'RA', 'SN', 'RA', 'SN', 'BR', 'RA', 'HZ', 'SN']","['SN', 'RA', 'RA', 'RA', 'BR', 'RA', 'BR', 'RA', 'UP', 'RA', 'SN', 'BR', 'UP', 'RA', 'BR', 'RA', 'DZ', 'RA', 'RA', 'RA', 'RA', 'BR', 'UP', 'RA', 'BR', 'RA', 'RA', 'BR', 'RA', 'RA', 'RA']","['RA', 'RA', 'RA', 'RA', 'UP', 'BR', 'RA', 'RA', 'RA', 'RA', 'RA', 'RA', 'RA', 'RA', 'RA', 'RA', 'RA', 'RA', 'FG', 'RA', 'RA', 'BR', 'RA', 'RA']","['RA', 'RA', 'RA', 'RA', 'RA', 'RA', 'RA', 'RA', 'RA', 'FG', 'BR', 'RA', 'BR', 'RA', 'RA', 'RA', 'BR', 'RA', 'RA', 'RA', 'RA', 'RA', 'RA', 'RA', 'RA', 'RA']","['RA', 'RA', 'RA', 'RA', 'FG', 'BR', 'RA', 'BR', 'RA', 'RA', 'BR', 'RA', 'BR', 'RA', 'BR', 'RA', 'FG', 'BR', 'RA', 'BR', 'DZ', 'RA', 'RA', 'FG', 'FG', 'RA', 'BR', 'DZ', 'RA', 'RA', 'FG', 'BR', 'FG', 'BR', 'BR', 'RA', 'RA', 'RA', 'RA', 'RA', 'RA', 'RA', 'RA', 'BR']","['RA', 'RA', 'RA', 'RA', 'BR', 'RA', 'BR', 'RA', 'BR', 'RA', 'RA', 'BR', 'RA', 'RA', 'BR', 'FG', 'BR', 'HZ', 'RA', 'RA', 'BR', 'RA', 'BR', 'FG', 'BR', 'RA', 'BR', 'FG', 'BR', 'FG', 'BR', 'RA', 'RA', 'RA', 'RA', 'TS', 'RA']","['FG', 'BR', 'RA', 'FG', 'BR', 'FG', 'BR', 'RA', 'RA', 'SN', 'RA', 'BR', 'RA', 'BR', 'BR', 'RA', 'RA', 'BR', 'RA', 'RA', 'FG', 'RA', 'BR', 'RA', 'BR', 'RA', 'SN', 'BR', 'RA', 'BR', 'FG', 'BR', 'RA', 'SN', 'RA', 'SN', 'SN', 'RA', 'BR', 'RA', 'RA', 'UP', 'RA', 'BR', 'RA', 'BR', 'RA', 'RA']","['RA', 'RA', 'RA', 'SN', 'RA', 'SN', 'BR', 'RA', 'SN', 'RA', 'SN', 'RA', 'RA', 'SN', 'RA', 'RA', 'RA', 'BR', 'SN', 'RA', 'SN', 'BR', 'RA', 'SN', 'BR', 'RA', 'SN', 'BR', 'RA', 'SN', 'BR', 'SN', 'BR', 'SN', 'BR', 'FZFG', 'BR', 'FG', 'RA', 'SN', 'SN', 'BR', 'RA', 'SN', 'BR', 'SN', 'RA', 'BR', 'RA', 'FZFG', 'BR', 'FG', 'RA', 'FZFG', 'BR', 'FG', 'RA', 'RA', 'BR', 'SN', 'BR', 'RA']","['RA', 'SN', 'BR', 'RA', 'SN', 'BR', 'RA', 'SN', 'HZ', 'RA', 'RA', 'BR', 'BR', 'RA', 'RA', 'RA', 'SN', 'BR', 'RA', 'RA', 'SN', 'RA', 'SN', 'BR', 'RA', 'SN', 'BR', 'SN', 'BR', 'RA', 'SN', 'BR', 'RA', 'SN', 'HZ', 'RA', 'SN', 'BR', 'UP', 'RA', 'UP', 'RA', 'RA', 'SN', 'UP', 'RA', 'SN', 'SN']","['SN', 'SN', 'SN', 'SN', 'SN', 'SN', 'SN', 'BR', 'SN', 'BR', 'SN', 'BR', 'FG', 'RA', 'RA', 'SN', 'BR', 'RA', 'SN', 'FZFG', 'BR', 'RA', 'FG', 'SN', 'FZFG', 'BR', 'FG', 'RA', 'SN', 'BR', 'RA', 'SN', 'BR', 'HZ', 'RA', 'BR', 'HZ', 'SN', 'RA', 'SN', 'BR', 'HZ', 'BR', 'HZ', 'SN', 'BR', 'HZ', 'SN', 'SN', 'BR', 'HZ', 'BR', 'HZ', 'RA', 'SN', 'SN', 'RA', 'BR', 'SN', 'UP', 'RA', 'SN', 'BR', 'RA', 'SN', 'RA', 'SN', 'SN', 'SN', 'HZ', 'RA', 'SN', 'SN', 'SN']",04
2008,"['RA', 'SN', 'SN', 'RA', 'SN', 'RA', 'SN', 'UP', 'SN', 'HZ', 'RA', 'SN', 'HZ', 'SN', 'SN', 'SN', 'SN', 'RA', 'SN', 'HZ', 'RA', 'SN', 'HZ', 'RA', 'SN', 'HZ', 'BR', 'HZ', 'SN', 'RA', 'SN', 'SN', 'RA', 'BR', 'SN', 'BR', 'RA', 'SN', 'BR', 'SN', 'BR', 'SN', 'SN', 'BR', 'SN', 'SN', 'RA', 'SN', 'BR', 'SN', 'SN', 'UP', 'HZ', 'SN', 'BR', 'SN', 'SN']","['SN', 'SN', 'UP', 'HZ', 'SN', 'SN', 'BR', 'HZ', 'RA', 'SN', 'BR', 'HZ', 'RA', 'SN', 'BR', 'HZ', 'SN', 'BR', 'UP', 'HZ', 'SN', 'BR', 'HZ', 'SN', 'SN', 'RA', 'BR', 'SN', 'RA', 'SN', 'RA', 'RA', 'BR', 'UP', 'HZ', 'RA', 'BR', 'SN', 'RA', 'SN', 'RA', 'RA', 'RA', 'RA', 'FG', 'SN', 'RA', 'SN', 'BR', 'SN', 'HZ', 'RA', 'BR', 'RA', 'RA', 'RA', 'SN', 'SN', 'RA']","['SN', 'RA', 'RA', 'BR', 'RA', 'RA', 'RA', 'RA', 'RA', 'RA', 'RA', 'BR', 'SN', 'RA', 'SN', 'BR', 'RA', 'SN', 'RA', 'BR', 'SN', 'RA', 'SN', 'SN', 'SN', 'BR', 'RA', 'SN', 'SN', 'RA', 'SN', 'SN', 'RA', 'RA', 'SN', 'SN', 'SN', 'BR']","['RA', 'SN', 'RA', 'SN', 'SN', 'FZFG', 'BR', 'UP', 'RA', 'FG', 'SN', 'BR', 'RA', 'SN', 'SN', 'SN', 'RA', 'SN', 'FZFG', 'BR', 'RA', 'FG', 'RA', 'BR', 'SN', 'RA', 'SN', 'FZFG', 'BR', 'FG', 'RA', 'SN', 'FG', 'BR', 'RA', 'SN', 'RA', 'SN', 'SN', 'BR', 'SN', 'BR', 'SN', 'SN', 'BR', 'SN', 'FZFG', 'BR', 'FG', 'SN', 'BR', 'RA', 'SN', 'BR', 'RA', 'SN', 'BR', 'RA', 'SN', 'FZFG', 'BR', 'FG']","['RA', 'RA', 'RA', 'RA', 'BR', 'FG', 'BR', 'RA', 'RA', 'RA', 'RA', 'RA', 'BR', 'RA', 'BR', 'RA', 'RA', 'RA', 'RA', 'RA', 'RA', 'RA', 'BR', 'RA', 'RA', 'BR', 'BR']","['RA', 'RA', 'BR', 'RA', 'BR', 'RA', 'RA', 'RA', 'RA', 'RA', 'BR', 'RA', 'BR', 'RA', 'RA', 'RA', 'BR', 'RA', 'RA', 'RA', 'BR', 'RA', 'BR', 'RA', 'RA', 'BR', 'RA', 'BR', 'RA']","['RA', 'BR', 'BR', 'RA', 'RA', 'HZ', 'RA', 'RA', 'BR', 'HZ', 'BR', 'RA', 'RA', 'BR', 'RA', 'BR', 'RA', 'BR', 'RA', 'RA', 'RA', 'BR', 'BR', 'RA', 'RA', 'RA', 'RA', 'RA', 'BR', 'RA', 'BR', 'HZ', 'RA', 'BR', 'RA', 'BR', 'RA', 'BR', 'RA', 'BR', 'RA', 'BR']","['RA', 'BR', 'RA', 'FG', 'BR', 'BR', 'HZ', 'RA', 'RA', 'BR', 'RA', 'BR', 'RA', 'BR', 'FG', 'RA', 'BR', 'RA', 'FG', 'BR', 'RA', 'BR', 'RA', 'BR', 'RA', 'RA', 'RA', 'BR', 'FG', 'BR', 'RA', 'RA', 'BR', 'RA', 'RA', 'FG', 'BR', 'DZ', 'RA', 'RA', 'RA', 'BR', 'RA', 'BR', 'RA', 'BR', 'RA', 'RA', 'BR', 'FG', 'BR', 'FG', 'BR']","['RA', 'RA', 'DZ', 'BR', 'RA', 'RA', 'BR', 'RA', 'RA', 'BR', 'RA', 'BR', 'RA', 'RA', 'BR', 'RA', 'RA', 'BR', 'RA', 'FG', 'BR', 'RA', 'RA', 'BR', 'BR', 'RA', 'RA', 'RA', 'BR', 'RA', 'RA', 'RA', 'SN', 'BR', 'SN', 'BR', 'RA', 'RA', 'SN', 'BR']","['FZFG', 'BR', 'RA', 'FG', 'SN', 'BR', 'RA', 'SN', 'BR', 'SN', 'RA', 'SN', 'RA', 'SN', 'BR', 'SN', 'BR', 'SN', 'BR', 'RA', 'RA', 'BR', 'SN', 'FZFG', 'BR', 'RA', 'FG', 'SN', 'FZFG', 'BR', 'RA', 'FG', 'SN', 'BR', 'SN', 'BR', 'RA', 'SN', 'RA', 'SN', 'RA', 'SN', 'BR', 'RA', 'SN', 'RA', 'BR', 'SN', 'RA', 'SN', 'RA', 'SN', 'BR', 'RA', 'SN', 'BR', 'RA', 'SN', 'RA', 'SN', 'SN', 'BR', 'SN', 'BR', 'RA', 'SN', 'BR', 'RA', 'SN', 'SN', 'SN', 'RA', 'SN', 'RA']","['SN', 'HZ', 'RA', 'SN', 'RA', 'SN', 'BR', 'RA', 'SN', 'BR', 'RA', 'SN', 'RA', 'SN', 'RA', 'SN', 'FZFG', 'BR', 'HZ', 'RA', 'FG', 'SN', 'RA', 'SN', 'RA', 'RA', 'BR', 'HZ', 'RA', 'UP', 'UP', 'HZ', 'RA', 'BR', 'BR', 'RA', 'BR', 'BR', 'BR', 'HZ', 'RA', 'HZ', 'RA', 'RA', 'SN', 'UP', 'SN', 'UP', 'SN', 'BR', 'RA', 'SN', 'BR', 'RA', 'SN', 'BR', 'RA']","['SN', 'HZ', 'SN', 'BR', 'SN', 'BR', 'RA', 'RA', 'BR', 'SN', 'BR', 'SN', 'BR', 'RA', 'RA', 'BR', 'RA', 'SN', 'BR', 'RA', 'SN', 'BR', 'HZ', 'RA', 'SN', 'BR', 'HZ', 'SN', 'SN', 'FZFG', 'BR', 'FG', 'SN', 'BR', 'SN', 'SN', 'SN', 'BR', 'HZ', 'SN', 'FZFG', 'BR', 'HZ', 'FG', 'SN', 'BR', 'HZ', 'SN', 'BR', 'BR', 'HZ', 'HZ', 'SN', 'HZ', 'SN', 'BR', 'HZ', 'SN', 'BR', 'BR', 'HZ']",05
2009,"['SN', 'BR', 'HZ', 'BR', 'HZ', 'SN', 'BR', 'HZ', 'SN', 'BR', 'HZ', 'RA', 'SN', 'SN', 'BR', 'BR', 'HZ', 'SN', 'SN', 'BR', 'SN', 'HZ', 'RA', 'RA', 'RA', 'BR', 'FG', 'FG', 'BR', 'SN', 'FZFG', 'BR', 'FG', 'SN', 'FZFG', 'BR', 'FG', 'SN', 'BR', 'HZ', 'SN', 'SN', 'BR', 'HZ', 'RA', 'SN', 'BR', 'RA', 'RA', 'BR', 'SN', 'SN', 'HZ', 'RA', 'BR', 'SN', 'RA', 'SN', 'HZ']","['RA', 'BR', 'SN', 'HZ', 'RA', 'BR', 'BR', 'HZ', 'RA', 'SN', 'BR', 'HZ', 'RA', 'SN', 'HZ', 'RA', 'BR', 'RA', 'SN', 'BR', 'SN', 'BR', 'HZ', 'HZ', 'BR', 'HZ', 'BLSN', 'SN', 'BR', 'SN', 'HZ', 'SN', 'BR', 'SN', 'BR', 'SN', 'BR', 'UP', 'RA', 'SN', 'BR', 'SN', 'BR', 'SN', 'BR', 'SN', 'HZ', 'SN', 'BR']","['SN', 'BR', 'HZ', 'RA', 'RA', 'SN', 'RA', 'BR', 'SN', 'BR', 'SN', 'FZFG', 'BR', 'FG', 'UP', 'RA', 'UP', 'SN', 'UP', 'HZ', 'HZ', 'SN', 'BR', 'RA', 'SN', 'SN', 'SN', 'RA', 'SN', 'BR', 'SN', 'BR', 'SN', 'HZ', 'SN', 'RA', 'RA', 'SN', 'SN', 'UP', 'RA', 'SN', 'UP', 'HZ', 'SN', 'BR', 'HZ', 'RA', 'SN', 'SN', 'UP', 'HZ', 'RA', 'SN']","['SN', 'UP', 'UP', 'UP', 'RA', 'RA', 'RA', 'BR', 'BR', 'RA', 'RA', 'RA', 'RA', 'RA', 'RA', 'RA', 'BR', 'RA', 'UP']","['RA', 'RA', 'RA', 'RA', 'RA', 'RA', 'RA', 'RA', 'RA', 'BR', 'RA', 'RA', 'RA', 'RA', 'RA', 'RA', 'RA', 'RA', 'RA']","['RA', 'RA', 'HZ', 'RA', 'BR', 'RA', 'RA', 'BR', 'BR', 'FG', 'HZ', 'RA', 'RA', 'BR', 'RA', 'RA', 'RA', 'RA', 'BR', 'RA', 'BR', 'RA', 'RA', 'BR', 'RA', 'BR']","['RA', 'HZ', 'BR', 'HZ', 'BR', 'HZ', 'RA', 'BR', 'HZ', 'RA', 'BR', 'HZ', 'RA', 'BR', 'HZ', 'BR', 'HZ', 'BR', 'HZ', 'BR', 'HZ', 'BR', 'HZ', 'HZ', 'RA', 'BR', 'HZ', 'FG', 'BR', 'HZ', 'RA', 'BR', 'HZ', 'HZ', 'RA', 'BR', 'HZ', 'RA', 'DZ', 'HZ', 'HZ', 'RA', 'BR', 'HZ', 'RA', 'BR', 'HZ', 'FG', 'HZ', 'HZ', 'HZ', 'HZ', 'HZ', 'HZ']","['BR', 'HZ', 'BR', 'HZ', 'HZ', 'HZ', 'RA', 'BR', 'HZ', 'RA', 'FG', 'BR', 'RA', 'FG', 'BR', 'HZ', 'RA', 'BR', 'HZ', 'RA', 'BR', 'HZ', 'RA', 'RA', 'RA', 'RA', 'BR', 'RA', 'RA', 'RA', 'BR', 'FG', 'BR', 'HZ', 'RA', 'RA', 'BR', 'RA', 'BR', 'RA', 'RA', 'RA', 'RA', 'BR', 'RA', 'RA', 'BR', 'RA', 'RA', 'FG', 'BR', 'RA', 'BR', 'RA', 'BR', 'RA', 'BR', 'RA', 'BR']","['RA', 'RA', 'HZ', 'RA', 'RA', 'RA', 'RA', 'RA', 'RA', 'RA', 'RA', 'BR', 'RA', 'BR', 'BR', 'RA', 'RA', 'FG', 'BR', 'BR', 'RA', 'HZ', 'RA', 'RA', 'RA', 'BR', 'RA', 'RA', 'BR', 'RA', 'UP', 'BR', 'RA', 'BR', 'UP', 'RA', 'RA', 'SN', 'BR', 'RA', 'SN', 'BR', 'RA']","['SN', 'BR', 'RA', 'BR', 'RA', 'BR', 'RA', 'BR', 'RA', 'RA', 'RA', 'RA', 'RA', 'FZFG', 'BR', 'HZ', 'FG', 'BR', 'HZ', 'RA', 'RA', 'RA', 'RA', 'RA', 'BR', 'RA', 'SN', 'BR', 'SN', 'BR', 'SN', 'BR', 'UP', 'RA', 'UP', 'RA', 'UP', 'RA', 'BR', 'RA']","['RA', 'RA', 'RA', 'BR', 'RA', 'SN', 'UP', 'RA', 'RA', 'RA', 'SN', 'HZ', 'RA', 'SN', 'BR', 'RA', 'SN', 'FZFG', 'BR', 'RA', 'FG', 'SN', 'HZ', 'RA', 'SN', 'HZ', 'RA', 'SN', 'HZ', 'HZ', 'RA', 'SN', 'RA', 'SN', 'RA', 'RA', 'RA', 'RA', 'RA', 'RA', 'RA', 'BR', 'HZ', 'RA', 'SN', 'BR', 'RA']","['FZFG', 'BR', 'FG', 'SN', 'BR', 'RA', 'SN', 'FZFG', 'BR', 'FG', 'RA', 'BR', 'BR', 'HZ', 'SN', 'SN', 'UP', 'HZ', 'SN', 'HZ', 'RA', 'SN', 'HZ', 'RA', 'SN', 'RA', 'SN', 'SN', 'RA', 'RA', 'BR']",05
2010,"['SN', 'SN', 'RA', 'RA', 'BR', 'RA', 'RA', 'BR', 'RA', 'BR', 'RA', 'BR', 'RA', 'RA', 'BR', 'RA', 'SN', 'RA', 'SN', 'RA', 'RA', 'RA', 'RA', 'SN', 'BR', 'SN', 'HZ', 'HZ', 'RA', 'RA', 'RA', 'RA', 'HZ', 'BR']","['BR', 'HZ', 'SN', 'BR', 'HZ', 'BR', 'HZ', 'HZ', 'SN', 'SN', 'RA', 'RA', 'RA', 'RA', 'RA', 'RA', 'RA', 'RA', 'SN', 'RA', 'SN', 'RA', 'SN', 'HZ', 'RA', 'RA', 'RA']","['RA', 'RA', 'RA', 'RA', 'RA', 'SN', 'RA', 'SN', 'HZ', 'RA', 'SN', 'RA', 'RA', 'SN', 'SN', 'HZ', 'RA', 'RA', 'SN', 'BR', 'RA', 'SN', 'RA', 'RA', 'RA', 'UP', 'RA', 'RA', 'RA', 'RA', 'RA', 'RA', 'RA', 'RA', 'BR', 'HZ', 'PL', 'RA']","['RA', 'SN', 'RA', 'RA', 'RA', 'RA', 'SN', 'SN', 'RA', 'RA', 'RA', 'RA', 'RA', 'RA', 'RA', 'RA', 'RA', 'BR']","['RA', 'BR', 'SN', 'BR', 'RA', 'FZFG', 'BR', 'FG', 'RA', 'RA', 'RA', 'BR', 'BR', 'RA', 'RA', 'RA', 'FG', 'BR', 'RA', 'BR', 'BR', 'RA', 'RA', 'BR', 'RA', 'HZ', 'HZ', 'RA', 'BR', 'HZ']","['HZ', 'RA', 'BR', 'RA', 'BR', 'HZ', 'RA', 'BR', 'RA', 'RA', 'BR', 'HZ', 'BR', 'RA', 'BR', 'RA', 'BR', 'RA', 'RA', 'RA', 'RA', 'RA', 'RA', 'RA', 'BR', 'RA', 'FG', 'BR', 'RA', 'RA', 'RA', 'RA', 'RA', 'RA', 'BR', 'RA', 'RA', 'BR', 'RA']","['RA', 'RA', 'RA', 'BR', 'HZ', 'RA', 'RA', 'BR', 'RA', 'RA', 'RA', 'RA', 'BR', 'RA', 'BR', 'RA', 'RA', 'HZ', 'BR', 'BR', 'RA', 'BR', 'RA', 'BR', 'RA', 'RA', 'FG', 'BR', 'RA', 'RA', 'BR', 'RA', 'BR']","['RA', 'RA', 'HZ', 'RA', 'RA', 'BR', 'RA', 'RA', 'RA', 'FG', 'RA', 'RA', 'BR', 'BR', 'RA', 'RA', 'RA', 'RA', 'BR', 'RA', 'BR', 'RA', 'BR', 'RA', 'BR', 'FG', 'BR', 'RA', 'RA', 'RA', 'RA', 'RA']","['RA', 'BR', 'RA', 'BR', 'RA', 'RA', 'BR', 'RA', 'BR', 'RA', 'RA', 'BR', 'RA', 'BR', 'RA', 'BR', 'BR', 'RA', 'FG', 'BR', 'RA', 'BR', 'FG', 'BR', 'FG', 'BR', 'BR', 'BR', 'FZFG', 'BR', 'FG', 'RA', 'RA', 'RA', 'RA', 'RA', 'BR', 'SN', 'BR', 'RA', 'RA', 'BR', 'BR', 'RA']","['RA', 'RA', 'BR', 'RA', 'RA', 'SN', 'BR', 'RA', 'SN', 'BR', 'RA', 'RA', 'SN', 'BR', 'RA', 'BR', 'RA', 'SN', 'BR', 'RA', 'RA', 'RA', 'RA', 'RA', 'BR', 'RA', 'BR', 'SN', 'BR', 'RA', 'SN', 'BR', 'FZFG', 'BR', 'FG', 'RA', 'BR', 'RA', 'RA', 'BR', 'RA', 'FZFG', 'BR', 'FG', 'SN', 'BR', 'RA', 'RA', 'RA', 'BR']","['RA', 'RA', 'RA', 'SN', 'BR', 'RA', 'BR', 'RA', 'BR', 'RA', 'SN', 'BR', 'RA', 'BR', 'RA', 'RA', 'BR', 'SN', 'BR', 'RA', 'SN', 'BR', 'RA', 'SN', 'BR', 'RA', 'SN', 'BR', 'UP', 'RA', 'UP', 'SN', 'BR', 'FZRA', 'SN', 'BR', 'UP', 'RA', 'FZRA', 'BR', 'UP', 'RA', 'SN', 'RA', 'FZRA', 'FG', 'BR', 'UP', 'SN', 'BR', 'UP', 'RA', 'SN', 'BR', 'RA', 'SN', 'BR', 'UP', 'SN', 'BR', 'UP', 'RA', 'RA', 'BR', 'RA']","['RA', 'SN', 'RA', 'SN', 'BR', 'RA', 'RA', 'RA', 'RA', 'SN', 'BR', 'UP', 'RA', 'SN', 'UP', 'RA', 'BR', 'SN', 'UP', 'RA', 'RA', 'SN', 'BR', 'RA', 'SN', 'BR', 'UP', 'RA', 'RA', 'BR', 'HZ', 'SN', 'BR', 'SN', 'BR', 'UP', 'SN', 'BR', 'HZ', 'RA', 'SN', 'RA', 'BR', 'HZ', 'RA', 'BR', 'HZ', 'RA', 'RA', 'RA', 'RA', 'SN', 'SN', 'SN', 'FZFG', 'BR', 'UP', 'FG', 'RA']",04
2011,"['RA', 'SN', 'BR', 'RA', 'SN', 'UP', 'RA', 'SN', 'BR', 'UP', 'RA', 'SN', 'BR', 'FZRA', 'BR', 'UP', 'UP', 'SN', 'RA', 'SN', 'SN', 'RA', 'RA', 'RA', 'BR', 'HZ', 'RA', 'BR', 'BR', 'HZ', 'RA', 'SN', 'UP', 'RA', 'RA', 'RA', 'RA', 'BR', 'SN', 'BR', 'RA', 'UP', 'RA']","['SN', 'BR', 'RA', 'SN', 'BR', 'RA', 'SN', 'BR', 'RA', 'SN', 'UP', 'SN', 'BR', 'UP', 'UP', 'RA', 'SN', 'SN', 'BR', 'RA', 'SN', 'BR', 'RA', 'SN', 'BR', 'HZ', 'RA', 'RA', 'HZ', 'RA', 'RA', 'SN', 'HZ', 'RA', 'SN', 'SN', 'BR', 'UP', 'SN', 'BR', 'SN', 'BR', 'SN', 'FZFG', 'BR', 'FG', 'RA', 'SN', 'FZFG', 'BR', 'UP', 'HZ', 'FG', 'SN', 'SN', 'FZFG', 'BR', 'UP', 'BLSN', 'FG', 'SN', 'UP']","['UP', 'SN', 'BR', 'SN', 'RA', 'HZ', 'RA', 'RA', 'BR', 'RA', 'UP', 'RA', 'SN', 'UP', 'RA', 'RA', 'RA', 'UP', 'RA', 'UP', 'RA', 'RA', 'RA', 'UP', 'SN', 'BR', 'SN', 'BR', 'UP', 'RA', 'RA', 'BR', 'SN', 'BR', 'RA', 'RA']","['RA', 'RA', 'SN', 'FZFG', 'BR', 'FG', 'RA', 'SN', 'SN', 'BR', 'SN', 'BR', 'RA', 'SN', 'BR', 'UP', 'RA', 'RA', 'RA', 'RA', 'RA', 'BR', 'RA', 'RA', 'BR', 'RA', 'RA', 'RA']","['RA', 'RA', 'RA', 'RA', 'BR', 'RA', 'RA', 'BR', 'RA', 'RA', 'RA', 'RA', 'RA', 'RA', 'RA', 'RA', 'RA', 'BR', 'RA', 'BR']","['BR', 'RA', 'BR', 'RA', 'RA', 'RA', 'RA', 'RA', 'RA', 'BR', 'RA', 'BR', 'RA', 'RA', 'RA', 'RA', 'RA', 'RA', 'RA', 'BR', 'RA', 'BR', 'RA', 'BR', 'RA']","['RA', 'BR', 'RA', 'RA', 'FG', 'BR', 'RA', 'BR', 'RA', 'RA', 'BR', 'RA', 'RA', 'RA', 'RA', 'RA', 'BR', 'RA', 'RA', 'RA', 'BR', 'RA', 'FG', 'BR', 'RA', 'RA', 'RA', 'BR', 'RA', 'RA', 'BR', 'RA', 'BR', 'RA']","['RA', 'RA', 'RA', 'RA', 'BR', 'RA', 'HZ', 'RA', 'BR', 'RA', 'BR', 'RA', 'RA', 'RA', 'BR', 'RA', 'BR', 'RA', 'BR', 'RA', 'BR', 'BR', 'RA', 'RA', 'RA', 'FG', 'BR', 'RA', 'RA', 'BR', 'RA', 'BR', 'RA', 'FG', 'BR', 'FG', 'BR', 'RA', 'RA', 'RA', 'BR', 'RA', 'RA', 'BR', 'RA', 'FG', 'BR', 'RA', 'RA', 'BR']","['RA', 'BR', 'RA', 'BR', 'RA', 'BR', 'RA', 'BR', 'RA', 'BR', 'RA', 'BR', 'RA', 'BR', 'RA', 'RA', 'BR', 'RA', 'BR', 'RA', 'HZ', 'RA', 'FG', 'BR', 'RA', 'BR', 'RA', 'RA', 'FG', 'BR', 'RA', 'RA', 'RA', 'RA', 'RA', 'RA', 'BR', 'RA', 'BR', 'RA', 'RA', 'RA', 'RA', 'RA', 'SN', 'UP', 'RA', 'BR', 'UP']","['FZFG', 'BR', 'UP', 'FG', 'RA', 'UP', 'RA', 'RA', 'UP', 'BR', 'RA', 'UP', 'RA', 'UP', 'RA', 'SN', 'BR', 'UP', 'RA', 'RA', 'SN', 'BR', 'UP', 'SN', 'BR', 'UP', 'RA', 'SN', 'BR', 'RA', 'SN', 'BR', 'RA', 'BR', 'FZFG', 'BR', 'FG', 'RA', 'RA', 'UP', 'RA', 'SN', 'UP', 'RA', 'RA', 'BR', 'SN', 'FZFG', 'BR', 'UP', 'FG', 'BR', 'RA', 'RA', 'UP', 'RA', 'SN', 'BR', 'RA', 'RA']","['UP', 'RA', 'FZRA', 'UP', 'RA', 'SN', 'FZFG', 'BR', 'UP', 'RA', 'FG', 'SN', 'BR', 'UP', 'RA', 'SN', 'BR', 'UP', 'SN', 'BR', 'UP', 'RA', 'BR', 'UP', 'RA', 'RA', 'SN', 'BR', 'UP', 'RA', 'SN', 'BR', 'RA', 'SN', 'BR', 'UP', 'SN', 'BR', 'SN', 'UP', 'RA', 'FZFG', 'BR', 'HZ', 'FG', 'RA', 'BR', 'HZ', 'BR', 'HZ', 'SN', 'SN', 'SN', 'UP', 'HZ', 'RA', 'SN', 'SN', 'UP', 'HZ', 'RA', 'SN', 'UP', 'RA', 'RA', 'SN', 'UP', 'UP']","['SN', 'BR', 'UP', 'RA', 'SN', 'BR', 'UP', 'RA', 'UP', 'RA', 'SN', 'BR', 'SN', 'FZFG', 'UP', 'FG', 'RA', 'UP', 'SN', 'BR', 'UP', 'RA', 'BR', 'SN', 'BR', 'UP', 'RA', 'BR', 'RA', 'SN', 'BR', 'SN', 'BR', 'UP', 'RA', 'SN', 'BR', 'UP', 'FZFG', 'BR', 'UP', 'FG', 'UP', 'SN', 'RA', 'UP', 'UP', 'RA', 'BR', 'SN', 'BR', 'RA', 'SN', 'BR', 'UP', 'SN', 'FZFG', 'BR', 'RA', 'FG', 'SN', 'FZFG', 'BR', 'RA', 'FG', 'SN', 'FZFG', 'BR', 'UP', 'HZ', 'FG', 'RA', 'RA', 'SN', 'HZ', 'RA', 'SN', 'HZ', 'BR', 'SN', 'UP', 'HZ', 'RA', 'HZ', 'SN', 'SN', 'HZ', 'BR', 'HZ', 'SN']",05
2012,"['BR', 'HZ', 'RA', 'SN', 'BR', 'HZ', 'RA', 'BR', 'HZ', 'RA', 'SN', 'HZ', 'RA', 'RA', 'SN', 'HZ', 'RA', 'SN', 'BR', 'HZ', 'RA', 'SN', 'HZ', 'RA', 'SN', 'HZ', 'SN', 'BR', 'RA', 'SN', 'UP', 'HZ', 'RA', 'SN', 'BR', 'HZ', 'BR', 'HZ', 'BR', 'HZ', 'BR', 'HZ', 'BR', 'HZ', 'BR', 'HZ', 'SN', 'HZ', 'SN', 'HZ', 'SN', 'RA', 'SN', 'HZ', 'BR', 'RA', 'SN', 'UP', 'HZ', 'SN', 'HZ', 'RA', 'SN', 'SN', 'HZ', 'RA', 'FZFG', 'BR', 'HZ', 'SN', 'FG', 'FZFG', 'BR', 'HZ', 'RA', 'FG', 'SN', 'FZFG', 'BR', 'HZ', 'RA', 'FG', 'SN', 'HZ', 'RA', 'BR', 'HZ', 'RA']","['RA', 'BR', 'RA', 'SN', 'UP', 'HZ', 'RA', 'HZ', 'BR', 'RA', 'RA', 'HZ', 'RA', 'BR', 'SN', 'BR', 'UP', 'RA', 'BR', 'RA', 'RA', 'RA', 'RA', 'RA', 'SN', 'BR', 'HZ', 'SN', 'BR', 'HZ', 'SN', 'BR', 'HZ', 'SN', 'BR', 'UP', 'HZ', 'SN', 'HZ', 'RA']","['RA', 'BR', 'SN', 'HZ', 'RA', 'SN', 'BR', 'UP', 'HZ', 'SN', 'BR', 'HZ', 'RA', 'SN', 'UP', 'SN', 'UP', 'RA', 'SN', 'BR', 'HZ', 'RA', 'SN', 'FG', 'BR', 'HZ', 'RA', 'SN', 'HZ', 'BR', 'HZ', 'BR', 'UP', 'HZ', 'RA', 'SN', 'SN', 'BR', 'UP', 'HZ', 'UP', 'RA', 'SN', 'RA', 'RA', 'SN', 'UP', 'SN', 'SN', 'HZ', 'UP', 'UP', 'RA', 'SN', 'SN', 'BR', 'HZ', 'FZFG', 'BR', 'RA', 'FG', 'RA', 'RA', 'RA', 'PL']","['SN', 'HZ', 'RA', 'RA', 'UP', 'RA', 'UP', 'BR', 'BR', 'RA', 'RA', 'RA', 'RA', 'RA', 'BR', 'RA', 'RA', 'RA', 'RA', 'FG', 'RA', 'RA', 'RA', 'BR', 'RA', 'RA', 'RA']","['SN', 'FZFG', 'HZ', 'FG', 'RA', 'RA', 'RA', 'RA', 'RA', 'BR', 'RA', 'RA', 'RA', 'RA', 'BR', 'RA', 'RA', 'RA', 'RA', 'HZ', 'RA', 'RA', 'RA', 'RA', 'BR', 'BR', 'RA', 'RA', 'RA', 'RA', 'BR', 'RA', 'RA']","['RA', 'BR', 'RA', 'BR', 'RA', 'BR', 'RA', 'RA', 'FG', 'BR', 'RA', 'BR', 'RA', 'DZ', 'RA', 'RA', 'BR', 'RA', 'RA', 'BR', 'RA', 'BR', 'RA', 'BR', 'RA', 'RA', 'HZ', 'RA', 'BR', 'RA', 'BR', 'RA', 'BR', 'RA', 'BR', 'BR', 'RA', 'BR']","['RA', 'BR', 'RA', 'RA', 'BR', 'FG', 'BR', 'RA', 'RA', 'RA', 'FG', 'BR', 'RA', 'RA', 'RA', 'RA', 'RA', 'BR', 'RA', 'RA', 'UP', 'RA', 'FG', 'BR', 'UP', 'RA', 'BR', 'RA', 'BR', 'RA', 'BR', 'FG', 'BR', 'RA', 'RA', 'BR']","['RA', 'RA', 'RA', 'BR', 'RA', 'FG', 'BR', 'RA', 'BR', 'RA', 'BR', 'BR', 'RA', 'RA', 'BR', 'RA', 'RA', 'RA', 'RA', 'FG', 'BR', 'HZ', 'HZ', 'RA', 'BR', 'RA', 'RA', 'BR', 'RA', 'BR', 'DZ', 'RA', 'BR', 'RA', 'RA', 'RA']","['RA', 'BR', 'FG', 'BR', 'RA', 'RA', 'BR', 'RA', 'BR', 'RA', 'BR', 'RA', 'FG', 'FZFG', 'BR', 'RA', 'SN', 'RA', 'FZFG', 'BR', 'FG', 'RA', 'RA', 'RA', 'BR', 'RA', 'BR', 'RA', 'BR', 'RA', 'BR', 'UP', 'HZ', 'RA', 'RA', 'RA', 'FG', 'BR', 'FG', 'RA', 'RA', 'BR', 'RA', 'RA', 'FZFG', 'BR', 'FG', 'RA', 'RA', 'BR']","['RA', 'RA', 'RA', 'BR', 'RA', 'BR', 'RA', 'BR', 'BR', 'RA', 'RA', 'SN', 'SN', 'UP', 'RA', 'SN', 'FZFG', 'BR', 'UP', 'RA', 'FG', 'SN', 'BR', 'HZ', 'SN', 'BR', 'RA', 'SN', 'BR', 'FZFG', 'BR', 'HZ', 'FG', 'RA', 'BR', 'FZFG', 'BR', 'HZ', 'FG', 'HZ', 'SN', 'BR', 'SN', 'FZFG', 'BR', 'FG', 'SN', 'FZFG', 'BR', 'FG', 'SN', 'BR', 'HZ']","['SN', 'RA', 'SN', 'UP', 'HZ', 'SN', 'UP', 'RA', 'BR', 'RA', 'RA', 'SN', 'SN', 'BR', 'UP', 'SN', 'RA', 'BR', 'BR', 'RA', 'HZ', 'RA', 'BR', 'RA', 'UP', 'RA', 'RA', 'RA', 'BR', 'RA', 'UP', 'RA', 'HZ', 'RA', 'RA', 'RA', 'UP', 'RA', 'RA', 'RA', 'UP', 'RA', 'RA', 'RA']","['RA', 'RA', 'RA', 'RA', 'SN', 'UP', 'BR', 'RA', 'SN', 'RA', 'SN', 'SN', 'BR', 'SN', 'UP', 'RA', 'SN', 'UP', 'RA', 'BR', 'SN', 'BR', 'UP', 'SN', 'FZFG', 'BR', 'FG', 'SN', 'FZFG', 'BR', 'UP', 'HZ', 'FG', 'RA', 'SN', 'HZ', 'RA', 'BR', 'HZ', 'RA', 'BR', 'HZ', 'SN', 'FZFG', 'BR', 'HZ', 'SN', 'FG', 'HZ', 'SN', 'SN', 'BR', 'HZ', 'FZFG', 'BR', 'HZ', 'FG', 'BR', 'HZ', 'SN', 'RA', 'RA', 'BR', 'RA']",04
2013,"['RA', 'BR', 'RA', 'RA', 'RA', 'RA', 'RA', 'SN', 'BR', 'RA', 'SN', 'HZ', 'SN', 'BR', 'SN', 'BR', 'SN', 'SN', 'UP', 'BR', 'RA', 'FZRA', 'SN', 'BR', 'UP', 'FG', 'BR', 'SN', 'BR', 'RA', 'SN', 'BR', 'HZ', 'RA', 'BR', 'HZ', 'SN', 'RA', 'RA', 'SN', 'RA', 'BR', 'RA', 'SN', 'BR', 'HZ', 'RA', 'BR', 'HZ', 'SN', 'HZ', 'RA', 'SN', 'SN', 'UP', 'SN', 'RA', 'SN', 'HZ', 'RA']","['RA', 'RA', 'RA', 'SN', 'BR', 'RA', 'BR', 'RA', 'SN', 'HZ', 'RA', 'SN', 'RA', 'SN', 'BR', 'RA', 'RA', 'SN', 'BR', 'RA', 'SN', 'BR', 'HZ', 'RA', 'FZFG', 'BR', 'HZ', 'FG', 'RA', 'SN', 'RA', 'BR', 'SN', 'BR', 'UP', 'HZ', 'RA', 'SN', 'HZ', 'RA', 'HZ', 'RA', 'BR', 'HZ', 'RA', 'SN', 'RA', 'SN', 'RA', 'SN', 'RA', 'RA', 'RA', 'RA', 'RA']","['SN', 'BR', 'RA', 'HZ', 'RA', 'BR', 'RA', 'SN', 'FZFG', 'BR', 'FG', 'RA', 'FZFG', 'BR', 'FG', 'RA', 'RA', 'RA', 'UP', 'SN', 'SN', 'BR', 'SN', 'BR', 'RA', 'SN', 'BR', 'HZ', 'SN', 'BR', 'SN', 'SN', 'UP', 'HZ', 'SN', 'RA', 'SN', 'BR', 'UP', 'RA', 'UP', 'UP', 'HZ', 'SN', 'BR']","['SN', 'BR', 'RA', 'SN', 'SN', 'BR', 'HZ', 'SN', 'BR', 'HZ', 'RA', 'SN', 'BR', 'HZ', 'RA', 'RA', 'RA', 'SN', 'SN', 'RA', 'SN', 'BR', 'RA', 'RA', 'SN', 'BR', 'UP', 'HZ', 'SN', 'BR', 'RA', 'SN', 'BR', 'RA', 'RA', 'SN', 'BR', 'HZ', 'SN', 'BR', 'UP', 'HZ']","['SN', 'BR', 'HZ', 'RA', 'SN', 'RA', 'BR', 'SN', 'FZFG', 'BR', 'UP', 'HZ', 'RA', 'FG', 'BR', 'BR', 'RA', 'RA', 'RA', 'RA', 'BR', 'RA', 'SN', 'BR', 'HZ', 'RA', 'RA', 'RA', 'RA', 'RA', 'RA', 'RA', 'RA']","['RA', 'RA', 'RA', 'RA', 'RA', 'RA', 'RA', 'RA', 'RA', 'RA', 'HZ', 'RA', 'RA', 'BR', 'DZ', 'RA', 'BR', 'RA', 'HZ', 'BR', 'HZ', 'HZ', 'RA', 'RA', 'HZ']","['BR', 'HZ', 'HZ', 'BR', 'HZ', 'RA', 'BR', 'BR', 'HZ', 'RA', 'HZ', 'RA', 'BR', 'RA', 'RA', 'BR', 'FG', 'BR', 'RA', 'RA', 'RA', 'RA', 'RA', 'BR', 'RA', 'BR', 'RA', 'RA', 'BR', 'RA', 'BR', 'RA', 'BR', 'RA', 'BR']","['BR', 'BR', 'RA', 'HZ', 'BR', 'FG', 'BR', 'RA', 'FG', 'RA', 'RA', 'FG', 'RA', 'HZ', 'HZ', 'BR', 'BR', 'HZ', 'BR', 'HZ', 'BR', 'HZ', 'RA', 'BR', 'HZ', 'FG', 'BR', 'HZ', 'RA', 'RA', 'HZ', 'RA', 'RA', 'BR', 'HZ', 'RA', 'BR', 'FG', 'BR', 'RA', 'RA', 'BR', 'RA', 'BR', 'FG', 'BR', 'DZ', 'RA', 'BR', 'RA', 'RA', 'RA', 'RA', 'BR', 'RA']","['RA', 'RA', 'FG', 'BR', 'RA', 'FG', 'BR', 'RA', 'BR', 'RA', 'BR', 'RA', 'BR', 'RA', 'BR', 'RA', 'FG', 'BR', 'FG', 'BR', 'RA', 'BR', 'FG', 'BR', 'RA', 'BR', 'RA', 'BR', 'FZFG', 'BR', 'FG', 'RA', 'SN', 'BR', 'SN', 'BR', 'RA', 'RA', 'RA', 'RA', 'SN', 'BR', 'HZ', 'RA', 'RA', 'RA', 'RA', 'RA', 'RA', 'RA']","['SN', 'BR', 'RA', 'RA', 'RA', 'BR', 'RA', 'SN', 'BR', 'RA', 'BR', 'RA', 'RA', 'RA', 'RA', 'RA', 'RA', 'RA', 'RA', 'BR', 'FG', 'RA', 'RA', 'BR', 'SN', 'BR', 'HZ', 'RA', 'RA', 'HZ', 'RA', 'BR', 'RA', 'BR', 'RA', 'SN', 'FZFG', 'BR', 'FG', 'RA']","['SN', 'BR', 'BR', 'RA', 'SN', 'BR', 'RA', 'BR', 'HZ', 'RA', 'FZRA', 'SN', 'BR', 'UP', 'RA', 'FZRA', 'SN', 'BR', 'RA', 'HZ', 'RA', 'FZRA', 'SN', 'FZFG', 'BR', 'UP', 'HZ', 'FG', 'SN', 'FG', 'BR', 'UP', 'RA', 'SN', 'BR', 'RA', 'SN', 'BR', 'UP', 'HZ', 'HZ', 'SN', 'BR', 'HZ', 'SN', 'BR', 'HZ', 'HZ', 'RA', 'SN', 'HZ', 'RA', 'RA', 'RA', 'SN', 'BR', 'RA', 'SN', 'BR', 'RA', 'RA', 'SN', 'FZFG', 'BR', 'FG', 'RA', 'SN', 'BR', 'HZ', 'RA', 'SN', 'BR', 'HZ', 'RA', 'SN', 'RA']","['FZRA', 'UP', 'FZRA', 'UP', 'BR', 'UP', 'SN', 'FZRA', 'SN', 'FZFG', 'BR', 'UP', 'FG', 'RA', 'SN', 'BR', 'RA', 'RA', 'SN', 'RA', 'RA', 'SN', 'HZ', 'RA', 'SN', 'UP', 'HZ', 'RA', 'RA', 'SN', 'HZ', 'SN', 'HZ', 'RA', 'RA', 'BR', 'SN', 'BR', 'HZ', 'RA', 'SN', 'FZFG', 'BR', 'FG', 'RA', 'SN', 'BR', 'HZ', 'HZ', 'RA', 'FZFG', 'BR', 'HZ', 'RA', 'FG', 'FZFG', 'BR', 'HZ', 'FG', 'RA', 'BR', 'HZ', 'SN', 'RA', 'SN', 'RA', 'RA', 'BR']",05
2014,"['RA', 'SN', 'RA', 'SN', 'SN', 'RA', 'RA', 'RA', 'SN', 'HZ', 'FZFG', 'BR', 'HZ', 'FG', 'RA', 'FZFG', 'BR', 'HZ', 'FG', 'SN', 'BR', 'HZ', 'RA', 'SN', 'BR', 'HZ', 'RA', 'SN', 'RA', 'SN', 'HZ', 'RA', 'SN', 'BR', 'HZ', 'RA', 'SN', 'UP', 'RA', 'SN', 'BR', 'UP', 'RA', 'FZRA', 'FZFG', 'BR', 'UP', 'FG', 'BR', 'FG', 'FG', 'HZ', 'BR', 'RA', 'BR', 'RA', 'BR', 'FZFG', 'BR', 'UP', 'FG', 'FZFG', 'BR', 'UP', 'HZ', 'FG']","['UP', 'SN', 'BR', 'SN', 'BR', 'HZ', 'FZRA', 'SN', 'FZFG', 'BR', 'UP', 'FG', 'UP', 'SN', 'HZ', 'RA', 'SN', 'SN', 'HZ', 'SN', 'RA', 'SN', 'RA', 'UP', 'SN', 'SN', 'SN', 'BR', 'SN', 'HZ', 'UP', 'UP']","['UP', 'SN', 'BR', 'HZ', 'SN', 'BR', 'HZ', 'SN', 'UP', 'UP', 'RA', 'UP', 'RA', 'BR', 'RA', 'UP', 'RA', 'UP', 'RA', 'RA', 'RA', 'RA', 'RA', 'UP', 'RA', 'SN', 'SN', 'BR', 'RA', 'SN', 'BR', 'UP', 'RA', 'SN', 'RA', 'RA', 'UP']","['RA', 'RA', 'RA', 'RA', 'SN', 'BR', 'HZ', 'RA', 'SN', 'BR', 'RA', 'RA', 'UP', 'RA', 'RA', 'BR', 'RA', 'RA', 'RA', 'RA', 'RA', 'RA', 'RA', 'RA', 'RA', 'BR']","['RA', 'RA', 'RA', 'RA', 'HZ', 'BR', 'RA', 'RA', 'RA', 'RA', 'RA', 'RA', 'HZ', 'RA']","['RA', 'BR', 'FG', 'BR', 'BR', 'RA', 'RA', 'BR', 'RA', 'RA', 'BR', 'RA', 'RA', 'RA', 'RA', 'BR', 'RA', 'BR', 'RA', 'BR', 'RA', 'BR', 'RA', 'RA', 'RA', 'BR', 'RA', 'BR', 'RA', 'BR', 'RA', 'FG', 'BR', 'RA', 'RA']","['RA', 'BR', 'RA', 'FG', 'BR', 'RA', 'BR', 'RA', 'BR', 'RA', 'RA', 'RA', 'BR', 'RA', 'BR', 'RA', 'RA', 'RA', 'BR', 'RA', 'RA', 'BR', 'RA', 'RA', 'BR', 'RA', 'BR', 'RA', 'BR', 'RA', 'RA', 'RA']","['RA', 'BR', 'RA', 'BR', 'RA', 'BR', 'RA', 'FG', 'BR', 'RA', 'RA', 'RA', 'FG', 'RA', 'RA', 'RA', 'RA', 'FG', 'BR', 'BR', 'RA', 'RA', 'RA', 'BR', 'FG', 'RA', 'BR', 'RA', 'RA', 'BR', 'RA']","['RA', 'BR', 'RA', 'BR', 'BR', 'RA', 'BR', 'FG', 'RA', 'RA', 'BR', 'RA', 'BR', 'RA', 'BR', 'FZFG', 'BR', 'RA', 'FG', 'FZFG', 'BR', 'FG', 'RA', 'HZ', 'RA', 'RA', 'SN', 'BR']","['RA', 'RA', 'RA', 'SN', 'BR', 'UP', 'SN', 'BR', 'RA', 'SN', 'FZFG', 'BR', 'UP', 'FG', 'SN', 'BR', 'HZ', 'BR', 'RA', 'RA', 'UP', 'HZ', 'BR', 'SN', 'BR', 'RA', 'SN', 'BR', 'HZ', 'SN', 'UP', 'SN', 'BR', 'UP', 'FZFG', 'BR', 'RA', 'FG', 'RA', 'HZ', 'RA', 'HZ', 'RA', 'SN', 'BR', 'RA', 'SN', 'BR', 'BR', 'HZ', 'RA', 'RA', 'SN', 'SN', 'BR', 'HZ']","['RA', 'HZ', 'RA', 'HZ', 'RA', 'RA', 'RA', 'RA', 'RA', 'SN', 'SN', 'BR', 'BR', 'HZ', 'SN', 'SN', 'BR', 'HZ', 'SN', 'BR']","['SN', 'UP', 'SN', 'FZFG', 'BR', 'RA', 'FG', 'SN', 'BR', 'FZFG', 'BR', 'HZ', 'FG', 'RA', 'BR', 'RA', 'RA', 'RA', 'SN', 'BR', 'HZ', 'RA', 'RA', 'SN', 'HZ', 'RA', 'SN', 'SN', 'RA', 'SN', 'BR', 'RA', 'FZFG', 'BR', 'RA', 'FG', 'RA', 'SN', 'SN', 'SN', 'BR', 'SN', 'FZFG', 'BR', 'RA', 'FG', 'FZRA', 'BR', 'UP', 'RA', 'SN']",04
2015,"['SN', 'BR', 'SN', 'SN', 'RA', 'RA', 'BR', 'RA', 'UP', 'RA', 'RA', 'SN', 'SN', 'BR', 'RA', 'SN', 'BR', 'HZ', 'RA', 'SN', 'SN', 'BR', 'HZ', 'SN', 'HZ', 'SN', 'HZ', 'RA', 'HZ', 'BR', 'HZ', 'HZ', 'RA', 'BR', 'HZ']","['SN', 'BR', 'RA', 'HZ', 'RA', 'SN', 'RA', 'RA', 'RA', 'RA', 'HZ', 'RA', 'RA', 'UP', 'RA', 'UP', 'SN', 'BR', 'SN', 'BR', 'FZFG', 'BR', 'FG', 'FZFG', 'BR', 'FG', 'SN', 'FZFG', 'BR', 'UP', 'FG']","['SN', 'BR', 'RA', 'SN', 'BR', 'SN', 'BR', 'UP', 'SN', 'BR', 'UP', 'HZ', 'RA', 'SN', 'UP', 'HZ', 'HZ', 'RA', 'SN', 'HZ', 'SN', 'HZ', 'RA', 'RA', 'RA', 'RA', 'RA']","['SN', 'HZ', 'RA', 'SN', 'RA', 'SN', 'BR', 'HZ', 'UP', 'SN', 'SN', 'BR', 'RA', 'RA', 'RA', 'RA', 'RA', 'RA', 'RA', 'RA']","['RA', 'BR', 'BR', 'RA', 'RA', 'RA']","['RA', 'RA', 'RA', 'RA', 'RA', 'RA', 'BR', 'RA', 'RA', 'RA', 'RA', 'RA', 'RA', 'BR', 'HZ', 'BR', 'HZ', 'HZ', 'BR', 'HZ', 'RA', 'RA', 'BR', 'HZ', 'RA', 'BR', 'HZ', 'RA', 'BR', 'HZ', 'BR', 'HZ', 'RA', 'BR', 'RA', 'HZ']","['RA', 'HZ', 'RA', 'BR', 'HZ', 'BR', 'HZ', 'RA', 'HZ', 'HZ', 'RA', 'HZ', 'BR', 'HZ', 'BR', 'HZ', 'RA', 'HZ', 'RA', 'RA', 'RA', 'RA', 'BR', 'RA', 'BR', 'RA', 'RA', 'RA', 'RA', 'BR', 'HZ', 'BR', 'RA', 'FG', 'BR', 'FG', 'BR', 'RA', 'RA']","['RA', 'BR', 'FG', 'BR', 'RA', 'HZ', 'RA', 'BR', 'RA', 'RA', 'BR', 'FG', 'BR', 'RA', 'RA', 'RA', 'BR', 'RA', 'BR', 'HZ', 'RA', 'RA', 'BR', 'RA', 'RA', 'BR', 'RA', 'BR', 'RA', 'BR', 'RA', 'BR', 'RA', 'BR', 'RA']","['RA', 'RA', 'RA', 'RA', 'RA', 'RA', 'BR', 'RA', 'RA', 'BR', 'RA', 'FG', 'BR', 'RA', 'FG', 'BR', 'RA', 'BR', 'RA', 'BR', 'RA', 'RA', 'RA', 'SN', 'BR', 'RA', 'RA', 'BR', 'RA', 'SN', 'BR', 'SN', 'FG', 'FZFG', 'BR', 'SN', 'BR', 'UP', 'RA']","['RA', 'SN', 'RA', 'BR', 'RA', 'BR', 'BR', 'FG', 'FZFG', 'BR', 'RA', 'RA', 'RA', 'RA', 'RA', 'RA', 'RA', 'BR', 'FZRA', 'SN', 'BR', 'UP', 'FZFG', 'BR', 'FG', 'RA', 'SN', 'RA', 'SN', 'BR', 'SN', 'BR', 'SN', 'RA']","['SN', 'BR', 'SN', 'BR', 'UP', 'RA', 'SN', 'BR', 'RA', 'SN', 'BR', 'RA', 'SN', 'BR', 'HZ', 'SN', 'BR', 'UP', 'SN', 'FZFG', 'BR', 'HZ', 'FG', 'SN', 'BR', 'RA', 'SN', 'BR', 'RA', 'SN', 'BR', 'RA', 'SN', 'BR', 'HZ', 'RA', 'FZFG', 'BR', 'HZ', 'RA', 'FG', 'SN', 'BR', 'HZ', 'SN', 'HZ', 'SN', 'HZ', 'SN', 'HZ', 'SN', 'RA', 'SN', 'BR', 'UP', 'SN', 'BR', 'SN', 'SN', 'BR', 'SN', 'FZFG', 'BR', 'FG', 'SN', 'BR', 'BR', 'RA', 'FZFG', 'BR', 'HZ', 'FG', 'BR', 'HZ', 'RA']","['RA', 'RA', 'SN', 'HZ', 'RA', 'RA', 'HZ', 'RA', 'SN', 'SN', 'RA', 'RA', 'SN', 'HZ', 'SN']",04
2016,"['BR', 'HZ', 'RA', 'RA', 'RA', 'SN', 'FZRA', 'SN', 'BR', 'HZ', 'RA', 'UP', 'BR', 'RA', 'RA', 'RA', 'UP', 'SN', 'BR', 'FZFG', 'BR', 'FG']","['RA', 'UP', 'RA', 'UP', 'SN', 'HZ', 'FZFG', 'BR', 'HZ', 'RA', 'FG', 'RA', 'RA', 'UP', 'RA', 'RA', 'SN', 'UP', 'RA', 'SN', 'RA', 'RA', 'RA', 'RA', 'RA']","['RA', 'SN', 'SN', 'SN', 'BR', 'HZ', 'HZ', 'UP', 'SN', 'HZ', 'RA', 'RA', 'RA', 'RA', 'SN', 'BR', 'FZRA', 'SN', 'BR', 'UP', 'RA', 'FZRA', 'UP', 'FZRA']","['SN', 'BR', 'SN', 'BR', 'UP', 'RA', 'RA', 'RA', 'RA', 'SN', 'BR', 'HZ', 'RA', 'RA', 'RA', 'RA', 'RA', 'RA', 'RA', 'BR', 'RA']","['RA', 'RA', 'BR', 'RA', 'RA', 'RA', 'RA', 'RA', 'BR', 'RA', 'RA', 'RA', 'RA', 'BR', 'RA', 'RA', 'RA', 'BR', 'RA']","['RA', 'RA', 'RA', 'BR', 'RA', 'RA', 'BR', 'RA', 'BR', 'RA', 'RA', 'BR', 'RA', 'RA', 'RA', 'RA', 'RA', 'RA', 'RA', 'BR']","['RA', 'BR', 'RA', 'BR', 'RA', 'BR', 'RA', 'RA', 'RA', 'RA', 'RA', 'BR', 'RA', 'RA', 'BR', 'RA', 'BR', 'RA', 'BR', 'HZ', 'RA', 'BR', 'RA', 'BR', 'RA', 'BR', 'RA', 'RA', 'BR', 'RA', 'BR', 'RA', 'BR', 'RA', 'BR', 'RA', 'BR']","['RA', 'RA', 'BR', 'RA', 'BR', 'RA', 'RA', 'RA', 'RA', 'BR', 'RA', 'RA', 'HZ', 'RA', 'RA', 'BR', 'RA', 'RA', 'BR', 'RA', 'RA', 'RA', 'BR', 'BR', 'BR', 'HZ', 'FG', 'BR', 'RA']","['FG', 'BR', 'HZ', 'HZ', 'BR', 'RA', 'BR', 'RA', 'BR', 'RA', 'BR', 'BR', 'HZ', 'RA', 'RA', 'BR', 'RA', 'BR', 'RA', 'FG', 'BR', 'RA', 'BR', 'RA', 'RA', 'RA', 'RA', 'FZFG', 'BR', 'FG', 'FG', 'FZFG', 'BR', 'RA', 'RA']","['HZ', 'RA', 'SN', 'FZFG', 'BR', 'FG', 'SN', 'RA', 'RA', 'BR']","['RA', 'RA', 'RA', 'SN', 'BR', 'HZ', 'SN', 'BR', 'RA', 'RA', 'SN', 'BR', 'BR', 'SN', 'BR', 'BR', 'RA', 'SN', 'HZ', 'SN', 'BR', 'HZ', 'RA', 'SN', 'BR', 'SN', 'UP', 'RA', 'RA']","['SN', 'BR', 'RA', 'SN', 'HZ', 'SN', 'UP', 'HZ', 'SN', 'SN', 'BR', 'HZ', 'SN', 'SN', 'BR', 'HZ', 'RA', 'RA', 'BR', 'BR', 'RA', 'SN', 'BR', 'SN', 'BR', 'SN', 'BR', 'SN', 'BR', 'SN', 'SN', 'BR', 'SN', 'FZFG', 'BR', 'FG', 'SN', 'FZFG', 'BR', 'UP', 'FG', 'SN', 'BR', 'UP', 'RA', 'SN', 'UP']",04
2017,"['SN', 'BR', 'SN', 'BR', 'SN', 'BR', 'UP', 'BR', 'SN', 'SN', 'BR', 'SN', 'BR', 'HZ', 'SN', 'RA', 'SN', 'BR', 'UP', 'HZ', 'RA', 'BR', 'SN', 'HZ', 'SN', 'BR', 'HZ', 'RA', 'FZFG', 'BR', 'HZ', 'RA', 'FG', 'FZFG', 'BR', 'HZ', 'FG', 'SN', 'SN', 'HZ', 'HZ', 'RA', 'RA', 'HZ', 'RA', 'RA', 'SN', 'FZFG', 'BR', 'UP', 'RA', 'FG', 'UP', 'UP']","['FZFG', 'BR', 'UP', 'HZ', 'FG', 'FZFG', 'BR', 'HZ', 'FG', 'HZ', 'UP', 'SN', 'BR', 'SN', 'BR', 'HZ', 'SN', 'HZ', 'SN', 'RA', 'BR', 'HZ', 'RA', 'UP', 'RA', 'RA', 'UP', 'UP', 'UP', 'SN', 'BR', 'HZ', 'SN', 'HZ', 'SN', 'FZFG', 'BR', 'FG', 'SN', 'FZFG', 'BR', 'UP', 'FG', 'SN', 'FZFG', 'BR', 'FG', 'SN', 'BR', 'RA', 'SN', 'FG', 'FZFG', 'BR', 'SN', 'FZFG', 'BR', 'UP', 'FG', 'SN', 'FZFG', 'BR', 'UP', 'HZ', 'RA', 'FG']","['RA', 'RA', 'SN', 'SN', 'BR', 'UP', 'HZ', 'SN', 'BR', 'HZ', 'SN', 'BR', 'HZ', 'SN', 'SN', 'BR', 'HZ', 'SN', 'RA', 'SN', 'SN', 'BR', 'HZ', 'RA', 'RA', 'SN', 'SN', 'SN', 'SN', 'RA', 'RA', 'RA', 'RA', 'RA', 'RA', 'RA', 'SN', 'RA', 'RA', 'RA']","['RA', 'RA', 'HZ', 'RA', 'RA', 'SN', 'BR', 'RA', 'SN', 'BR', 'UP', 'HZ', 'RA', 'RA', 'RA', 'RA', 'RA', 'BR', 'RA', 'RA', 'RA', 'RA']","['RA', 'RA', 'RA', 'RA', 'RA', 'RA', 'RA', 'RA', 'RA', 'BR', 'RA', 'RA', 'RA', 'RA', 'HZ', 'RA', 'HZ', 'RA', 'RA', 'RA', 'HZ', 'RA']","['RA', 'RA', 'RA', 'RA', 'RA', 'RA', 'RA', 'RA', 'RA', 'BR', 'RA', 'BR', 'FG', 'BR', 'RA', 'RA', 'RA', 'BR', 'RA', 'BR', 'RA', 'FG', 'BR', 'RA', 'RA', 'RA', 'RA', 'RA', 'RA', 'RA']","['RA', 'BR', 'RA', 'BR', 'RA', 'BR', 'RA', 'RA', 'BR', 'RA', 'RA', 'RA', 'RA', 'BR', 'BR', 'HZ', 'BR', 'RA', 'BR', 'RA', 'BR', 'HZ', 'BR', 'RA', 'BR', 'HZ', 'RA', 'BR', 'RA', 'BR', 'RA', 'BR', 'BR', 'RA', 'RA', 'BR', 'HZ', 'BR', 'RA']","['RA', 'BR', 'RA', 'RA', 'BR', 'RA', 'RA', 'BR', 'RA', 'BR', 'RA', 'FG', 'RA', 'FG', 'RA', 'RA', 'BR', 'RA', 'RA', 'BR', 'RA', 'FG', 'RA', 'BR', 'RA', 'BR', 'RA', 'RA', 'RA', 'BR', 'RA', 'BR', 'RA', 'RA', 'RA', 'BR', 'RA', 'RA', 'BR', 'BR', 'RA', 'BR', 'RA', 'FG', 'BR', 'RA']","['RA', 'BR', 'BR', 'RA', 'BR', 'RA', 'RA', 'BR', 'RA', 'RA', 'HZ', 'RA', 'RA', 'RA', 'RA', 'RA', 'RA', 'RA', 'BR', 'RA', 'RA', 'FG', 'BR', 'RA', 'BR', 'RA', 'BR', 'RA', 'RA', 'BR', 'RA', 'BR', 'RA', 'BR', 'RA']","['BR', 'BR', 'RA', 'RA', 'RA', 'BR', 'RA', 'BR', 'RA', 'BR', 'RA', 'RA', 'BR', 'RA', 'BR', 'SN', 'RA', 'SN', 'RA', 'RA', 'RA', 'SN', 'BR', 'RA', 'SN', 'BR', 'RA', 'FZFG', 'BR', 'RA', 'FG', 'RA', 'SN', 'FZFG', 'BR', 'RA', 'FG', 'RA', 'SN', 'FZFG', 'BR', 'RA', 'FG', 'RA', 'RA', 'SN', 'FG', 'BR', 'BR']","['SN', 'FZFG', 'BR', 'FG', 'SN', 'BR', 'SN', 'BR', 'SN', 'BR', 'SN', 'BR', 'BR', 'RA', 'SN', 'RA', 'SN', 'FZFG', 'BR', 'FG', 'SN', 'FZFG', 'BR', 'FG', 'SN', 'BR', 'HZ', 'RA', 'RA', 'SN', 'FZFG', 'BR', 'UP', 'RA', 'FG', 'SN', 'BR', 'FZFG', 'BR', 'FG', 'SN', 'BR', 'SN', 'BR', 'SN', 'BR', 'RA', 'BR', 'HZ', 'RA', 'HZ', 'HZ', 'RA', 'SN', 'FZFG', 'BR', 'RA', 'FG', 'SN', 'BR', 'RA', 'SN', 'BR', 'RA', 'SN', 'BR', 'UP', 'SN', 'BR', 'RA', 'RA', 'HZ', 'RA', 'RA']","['UP', 'BR', 'SN', 'BR', 'SN', 'BR', 'RA', 'RA', 'SN', 'FZFG', 'BR', 'FG', 'RA', 'FZRA', 'FZFG', 'BR', 'UP', 'RA', 'FG', 'FZFG', 'BR', 'RA', 'FG', 'RA', 'RA', 'SN', 'BR', 'RA', 'SN', 'FZFG', 'BR', 'RA', 'FG', 'SN', 'BR', 'RA', 'SN', 'FZFG', 'BR', 'RA', 'FG', 'SN', 'FZFG', 'BR', 'FG', 'SN', 'RA', 'FZFG', 'BR', 'HZ', 'FG', 'BR', 'HZ', 'DU']",05
2018,"['BR', 'BR', 'UP', 'FZRA', 'SN', 'BR', 'RA', 'FZRA', 'SN', 'FZFG', 'BR', 'UP', 'FG', 'SN', 'BR', 'SN', 'BR', 'RA', 'SN', 'BR', 'HZ', 'RA', 'SN', 'SN', 'HZ', 'RA', 'SN', 'BR', 'HZ', 'RA', 'SN', 'HZ', 'RA', 'SN', 'RA', 'RA', 'BR', 'RA', 'RA']","['RA', 'RA', 'SN', 'BR', 'RA', 'BR', 'RA', 'SN', 'BR', 'UP', 'HZ', 'SN', 'FZFG', 'BR', 'RA', 'FG', 'SN', 'BR', 'HZ', 'RA', 'SN', 'BR', 'SN', 'BR', 'HZ', 'RA', 'BR', 'SN', 'BR', 'SN', 'BR', 'SN', 'SN', 'BR', 'UP', 'SN', 'FZFG', 'BR', 'FG', 'SN', 'FG', 'FZFG', 'BR', 'UP', 'RA', 'SN', 'FZFG', 'BR', 'UP', 'RA', 'FG', 'BR', 'UP', 'HZ', 'RA', 'SN', 'UP', 'RA', 'SN', 'FZFG', 'BR', 'UP', 'HZ', 'RA', 'FG', 'SN', 'BR', 'UP', 'HZ', 'HZ']","['HZ', 'SN', 'BR', 'UP', 'SN', 'FZFG', 'BR', 'FG', 'SN', 'BR', 'UP', 'SN', 'BR', 'RA', 'SN', 'BR', 'RA', 'BR', 'BR', 'RA', 'SN', 'BR', 'RA', 'HZ', 'RA', 'SN', 'BR', 'HZ', 'SN', 'BR', 'SN', 'BR', 'HZ', 'SN', 'FZFG', 'BR', 'RA', 'FG', 'SN', 'BR', 'RA', 'RA', 'RA', 'RA', 'RA', 'SN', 'BR', 'HZ', 'SN', 'BR', 'RA']","['SN', 'BR', 'SN', 'RA', 'RA', 'RA', 'RA', 'RA', 'RA', 'RA', 'RA', 'RA', 'RA', 'SN', 'HZ', 'RA', 'RA', 'RA', 'RA', 'RA', 'BR', 'RA', 'BR', 'RA', 'RA']","['RA', 'SN', 'BR', 'UP', 'SN', 'BR', 'RA', 'RA', 'RA', 'BR', 'RA', 'SN', 'BR', 'BR', 'RA', 'RA', 'BR', 'RA', 'RA', 'BR', 'BR', 'RA', 'FG', 'RA', 'RA', 'BR', 'RA', 'FG', 'BR', 'RA', 'BR', 'RA', 'BR', 'RA', 'RA', 'RA', 'RA', 'BR']","['RA', 'RA', 'RA', 'RA', 'RA', 'FG', 'BR', 'FG', 'BR', 'RA', 'RA', 'HZ', 'RA', 'BR', 'RA', 'BR', 'RA', 'RA', 'FG', 'RA', 'HZ', 'RA', 'RA', 'BR', 'RA', 'BR', 'RA', 'BR', 'RA', 'BR', 'RA', 'RA', 'RA', 'RA', 'RA']","['RA', 'RA', 'RA', 'RA', 'BR', 'BR', 'RA', 'RA', 'BR', 'RA', 'RA', 'RA', 'RA', 'BR', 'RA', 'FG', 'FG', 'BR', 'RA']","['RA', 'RA', 'RA', 'RA', 'BR', 'RA', 'BR', 'BR', 'FG', 'BR', 'RA', 'RA', 'RA', 'RA', 'BR', 'RA', 'BR', 'RA', 'BR', 'BR', 'RA', 'BR', 'RA', 'BR', 'RA', 'BR', 'RA', 'BR', 'RA', 'BR', 'RA', 'BR', 'RA', 'RA', 'RA', 'BR', 'RA', 'BR', 'BR', 'RA', 'BR', 'RA']","['RA', 'RA', 'BR', 'BR', 'RA', 'BR', 'RA', 'RA', 'BR', 'FG', 'BR', 'FG', 'BR', 'RA', 'RA', 'FG', 'BR', 'HZ', 'RA', 'FG', 'BR', 'RA', 'FG', 'BR', 'RA', 'BR', 'RA', 'FG', 'BR', 'RA', 'FG', 'BR', 'RA', 'BR', 'RA', 'BR', 'RA', 'BR', 'RA', 'BR', 'RA', 'BR', 'RA', 'RA']","['RA', 'UP', 'RA', 'BR', 'RA', 'HZ', 'RA', 'BR', 'RA', 'BR', 'RA', 'RA', 'FG', 'BR', 'FG', 'BR', 'RA', 'RA', 'RA', 'SN', 'BR', 'FZFG', 'BR', 'FG', 'RA', 'RA', 'RA', 'SN', 'FG', 'BR', 'SN', 'RA', 'RA', 'RA', 'SN']","['RA', 'RA', 'RA', 'UP', 'RA', 'RA', 'RA', 'RA', 'SN', 'BR', 'SN', 'BR', 'SN', 'BR', 'SN', 'FZFG', 'BR', 'RA', 'FG', 'SN', 'BR', 'UP', 'HZ', 'RA', 'UP', 'RA', 'UP', 'UP', 'RA', 'BR', 'FG', 'BR', 'FZRA', 'SN', 'BR', 'UP', 'RA', 'SN', 'BR', 'UP', 'RA', 'SN', 'BR', 'RA', 'SN', 'BR', 'RA', 'SN', 'BR', 'UP', 'RA', 'UP', 'RA', 'UP', 'RA', 'RA', 'UP', 'BR', 'RA', 'SN', 'FZFG', 'BR', 'UP', 'FG']","['SN', 'FZFG', 'BR', 'FG', 'SN', 'FZFG', 'BR', 'FG', 'BR', 'RA', 'SN', 'BR', 'SN', 'FZFG', 'BR', 'RA', 'FG', 'RA', 'SN', 'BR', 'UP', 'UP', 'RA', 'SN', 'BR', 'HZ', 'RA', 'HZ', 'RA', 'RA', 'RA', 'SN', 'BR', 'SN', 'BR', 'HZ', 'SN', 'RA', 'RA', 'RA', 'RA', 'RA', 'SN', 'RA', 'UP', 'FG', 'RA']",05
2019,"['RA', 'SN', 'FZFG', 'BR', 'UP', 'FG', 'BR', 'UP', 'HZ', 'HZ', 'BR', 'HZ', 'BR', 'HZ', 'BR', 'HZ', 'SN', 'BR', 'HZ', 'SN', 'BR', 'HZ', 'RA', 'SN', 'BR', 'HZ', 'RA', 'SN', 'BR', 'HZ', 'RA', 'BR', 'HZ', 'RA', 'RA', 'UP', 'RA', 'FG', 'BR', 'BR', 'SN', 'BR', 'RA', 'SN', 'BR', 'RA', 'SN', 'RA', 'RA', 'RA', 'RA', 'BR', 'RA', 'SN', 'FZFG', 'BR', 'UP', 'RA', 'FG', 'RA', 'SN', 'BR', 'HZ', 'SN', 'BR', 'RA', 'UP', 'RA', 'RA']","['SN', 'BR', 'SN', 'BR', 'SN', 'BR', 'UP', 'RA', 'SN', 'HZ', 'BR', 'SN', 'FZFG', 'BR', 'UP', 'FG', 'FZFG', 'BR', 'FG', 'SN', 'BR', 'SN', 'FZFG', 'BR', 'FG', 'RA', 'SN', 'BR', 'UP', 'SN', 'FZFG', 'BR', 'HZ', 'FG', 'SN', 'HZ', 'SN', 'BR', 'SN', 'FZFG', 'BR', 'FG', 'SN', 'BR', 'HZ', 'SN', 'FZFG', 'BR', 'HZ', 'RA', 'FG', 'RA', 'UP']","['SN', 'BR', 'SN', 'BR', 'SN', 'BR', 'HZ', 'SN', 'BR', 'RA', 'SN', 'BR', 'SN', 'BR', 'RA', 'RA', 'RA', 'RA', 'BR', 'RA', 'SN', 'BR', 'UP', 'RA', 'RA', 'BR', 'RA', 'BR', 'RA', 'RA', 'BR']","['RA', 'RA', 'RA', 'RA', 'RA', 'RA', 'BR', 'HZ', 'RA', 'RA', 'SN', 'BR', 'UP', 'RA', 'SN', 'RA', 'SN', 'BR', 'HZ', 'RA', 'SN', 'BR', 'RA', 'RA', 'SN', 'BR', 'UP', 'SN', 'BR', 'RA', 'RA', 'SN', 'RA', 'RA']","['RA', 'SN', 'BR', 'RA', 'RA', 'RA', 'RA', 'RA', 'RA', 'RA', 'RA', 'FG', 'BR', 'FG', 'BR', 'RA', 'BR', 'RA', 'RA', 'RA', 'RA', 'BR']","['RA', 'BR', 'RA', 'FG', 'BR', 'RA', 'FG', 'BR', 'RA', 'BR', 'RA', 'FG', 'BR', 'RA', 'BR', 'RA', 'RA', 'RA', 'BR', 'RA', 'BR', 'RA', 'RA', 'RA', 'RA', 'BR', 'RA', 'RA', 'RA', 'RA', 'BR', 'BR', 'RA', 'HZ', 'HZ', 'BR', 'HZ', 'RA', 'BR', 'HZ']","['RA', 'BR', 'BR', 'HZ', 'BR', 'HZ', 'BR', 'HZ', 'BR', 'HZ', 'BR', 'HZ', 'RA', 'BR', 'HZ', 'RA', 'BR', 'HZ', 'FG', 'RA', 'BR', 'BR', 'BR', 'RA', 'FG', 'BR', 'RA', 'HZ', 'HZ', 'RA', 'RA', 'RA', 'RA', 'RA', 'RA', 'RA', 'BR']","['RA', 'FG', 'BR', 'RA', 'BR', 'RA', 'BR', 'RA', 'BR', 'FG', 'RA', 'BR', 'RA', 'BR', 'RA', 'FG', 'BR', 'FG', 'BR', 'RA', 'RA', 'BR', 'RA', 'BR', 'RA', 'BR', 'RA', 'BR', 'RA', 'BR', 'RA', 'RA', 'RA', 'RA', 'RA', 'BR', 'FG', 'BR', 'RA', 'RA']","['RA', 'RA', 'FG', 'RA', 'FG', 'RA', 'FG', 'BR', 'RA', 'FG', 'BR', 'RA', 'BR', 'BR', 'RA', 'RA', 'RA', 'FG', 'BR', 'RA', 'FG', 'BR', 'RA', 'BR', 'RA', 'BR', 'RA', 'RA', 'RA', 'BR', 'RA', 'RA', 'BR', 'RA', 'BR', 'RA']","['RA', 'RA', 'SN', 'BR', 'RA', 'FG', 'BR', 'RA', 'FG', 'BR', 'SN', 'BR', 'SN', 'BR', 'UP', 'RA', 'SN', 'BR', 'RA', 'BR', 'RA', 'SN', 'BR', 'SN', 'BR', 'HZ', 'SN', 'SN', 'BR', 'RA', 'RA', 'RA', 'FZRA', 'SN', 'BR']","['SN', 'BR', 'BR', 'SN', 'BR', 'HZ', 'BR', 'HZ', 'SN', 'BR', 'SN', 'BR', 'SN', 'SN', 'SN', 'HZ', 'SN', 'SN', 'SN', 'HZ', 'SN', 'SN', 'UP', 'HZ', 'FZRA', 'SN', 'BR', 'SN', 'BR', 'SN', 'UP', 'SN', 'SN', 'FG', 'FZFG', 'BR', 'SN', 'BR', 'SN', 'BR']","['SN', 'BR', 'SN', 'BR', 'SN', 'FZFG', 'BR', 'HZ', 'FG', 'SN', 'UP', 'HZ', 'SN', 'FZFG', 'FG', 'SN', 'BR', 'HZ', 'HZ', 'HZ', 'SN', 'HZ', 'SN', 'HZ', 'BR', 'HZ', 'SN', 'HZ', 'SN', 'SN', 'HZ']",04
2020,"['SN', 'BR', 'UP', 'HZ', 'SN', 'HZ', 'HZ', 'SN', 'HZ', 'BR', 'HZ', 'BR', 'HZ', 'SN', 'UP', 'HZ', 'SN', 'UP', 'HZ', 'SN', 'HZ', 'SN', 'HZ', 'SN', 'HZ', 'SN', 'HZ', 'SN', 'HZ', 'SN', 'HZ', 'SN', 'BR', 'HZ', 'SN', 'SN', 'HZ', 'SN', 'HZ']","['HZ', 'SN', 'HZ', 'SN', 'SN', 'FZFG', 'BR', 'HZ', 'FG', 'SN', 'BR', 'HZ', 'SN', 'SN', 'SN', 'HZ', 'HZ', 'BR', 'HZ', 'SN', 'SN', 'BR', 'HZ', 'SN', 'BR', 'SN', 'BR', 'HZ', 'SN', 'HZ', 'HZ']","['SN', 'SN', 'HZ', 'SN', 'HZ', 'HZ', 'HZ', 'SN', 'HZ', 'SN', 'HZ', 'SN', 'HZ', 'SN', 'HZ', 'HZ', 'HZ', 'SN', 'BR', 'SN', 'BR', 'SN', 'SN', 'FZFG', 'BR', 'FG', 'SN', 'BR', 'UP', 'SN', 'BR', 'UP', 'UP', 'SN', 'FZFG', 'BR', 'UP', 'HZ', 'FG', 'SN', 'BR', 'UP', 'SN', 'FZFG', 'BR', 'UP', 'FG', 'UP', 'RA', 'SN', 'BR']","['SN', 'BR', 'HZ', 'RA', 'SN', 'FG', 'BR', 'UP', 'RA', 'SN', 'UP', 'HZ', 'SN', 'HZ', 'SN', 'HZ', 'RA', 'BR', 'RA', 'RA', 'RA', 'BR', 'RA', 'FG', 'BR', 'RA', 'FG', 'BR', 'RA', 'BR', 'RA', 'FG', 'BR']","['RA', 'RA', 'RA', 'RA']","['RA', 'BR', 'BR', 'RA', 'RA', 'RA', 'HZ', 'RA', 'BR', 'RA', 'RA', 'RA', 'RA', 'RA', 'BR', 'RA', 'FG', 'BR', 'RA', 'BR', 'RA', 'RA', 'RA', 'RA', 'RA', 'RA']","['BR', 'RA', 'RA', 'RA', 'FG', 'BR', 'RA', 'BR', 'RA', 'BR', 'RA', 'BR', 'RA', 'RA', 'RA', 'BR', 'RA', 'RA', 'RA', 'BR', 'RA', 'RA', 'RA', 'BR', 'RA', 'RA', 'RA', 'RA']","['RA', 'BR', 'RA', 'BR', 'RA', 'BR', 'RA', 'FG', 'BR', 'RA', 'RA', 'FG', 'BR', 'RA', 'BR', 'FG', 'BR', 'FG', 'BR', 'HZ', 'FG', 'BR', 'RA', 'BR', 'RA', 'RA', 'RA', 'FG', 'BR', 'RA', 'FG', 'BR', 'RA', 'RA']","['RA', 'BR', 'RA', 'BR', 'RA', 'RA', 'RA', 'RA', 'RA', 'RA', 'BR', 'RA', 'RA', 'RA', 'BR', 'RA', 'RA', 'RA', 'BR', 'RA', 'BR', 'RA']","['RA', 'FG', 'BR', 'UP', 'HZ', 'FG', 'BR', 'SN', 'SN', 'SN', 'SN', 'FZFG', 'BR', 'UP', 'FG', 'SN', 'BR', 'SN', 'BR', 'HZ', 'SN', 'BR', 'SN', 'FZFG', 'BR', 'HZ', 'FG', 'SN', 'BR', 'FZFG', 'BR', 'HZ', 'FG', 'SN', 'BR', 'HZ', 'SN', 'HZ', 'SN', 'BR', 'HZ']","['HZ', 'HZ', 'SN', 'SN', 'SN', 'BR', 'SN', 'BR', 'SN', 'FZFG', 'BR', 'FG', 'SN', 'UP', 'HZ', 'BR', 'HZ', 'SN', 'HZ', 'UP', 'UP', 'SN', 'UP', 'SN', 'FZFG', 'BR', 'HZ', 'FG', 'SN', 'UP', 'HZ', 'SN']","['SN', 'BR', 'HZ', 'SN', 'FZFG', 'BR', 'HZ', 'FG', 'SN', 'UP', 'SN', 'SN', 'HZ', 'SN', 'SN', 'HZ', 'SN', 'SN', 'HZ']",04
2021,"['HZ', 'SN', 'BR', 'UP', 'UP', 'BR', 'HZ', 'HZ', 'HZ', 'SN', 'SN', 'HZ']","['SN', 'SN', 'HZ', 'SN', 'SN', 'SN', 'FG', 'BR', 'FZFG', 'BR', 'HZ', 'FG', 'BR', 'HZ', 'SN', 'SN', 'SN', 'BR', 'HZ', 'FZFG', 'BR', 'FG', 'SN', 'HZ', 'SN', 'SN', 'HZ', 'SN', 'SN', 'HZ', 'SN', 'HZ']","['SN', 'SN', 'SN', 'SN', 'HZ', 'SN', 'BR', 'HZ', 'SN', 'BR', 'SN', 'HZ', 'SN', 'HZ', 'SN', 'UP', 'HZ', 'SN', 'BR', 'UP', 'HZ', 'SN', 'BR', 'HZ', 'HZ', 'SN', 'SN', 'FZFG', 'BR', 'FG', 'SN', 'FZFG', 'BR', 'HZ', 'FG', 'SN', 'SN', 'SN', 'SN', 'FZFG', 'BR', 'FG', 'SN', 'BR', 'UP', 'HZ']","['SN', 'UP', 'HZ', 'SN', 'BR', 'SN', 'FZFG', 'BR', 'FG', 'RA', 'SN', 'FZFG', 'BR', 'UP', 'FG', 'SN', 'UP', 'SN', 'BR', 'UP', 'HZ', 'UP', 'UP', 'UP', 'UP', 'RA', 'UP', 'UP', 'RA', 'SN', 'UP', 'RA', 'SN', 'BR']","['RA', 'RA', 'RA', 'RA', 'RA', 'RA', 'RA', 'RA', 'RA']","['RA', 'RA', 'RA', 'RA', 'RA', 'RA', 'RA', 'RA', 'RA', 'HZ', 'RA', 'HZ', 'RA', 'BR', 'FG', 'BR', 'RA', 'RA', 'RA', 'RA', 'HZ', 'RA', 'RA', 'RA']","['HZ', 'RA', 'RA', 'HZ', 'RA', 'BR', 'HZ', 'RA', 'RA', 'RA', 'RA', 'HZ', 'RA', 'BR', 'HZ', 'RA', 'BR', 'RA', 'BR', 'HZ']","['RA', 'BR', 'RA', 'BR', 'RA', 'BR', 'RA', 'BR', 'RA', 'BR', 'RA', 'RA', 'RA', 'RA', 'BR', 'RA', 'BR', 'RA', 'BR', 'BR', 'RA', 'BR', 'RA', 'BR', 'RA', 'BR', 'RA', 'BR', 'RA', 'BR', 'RA', 'BR', 'RA', 'RA', 'BR', 'RA', 'BR']","['RA', 'BR', 'FG', 'BR', 'RA', 'BR', 'RA', 'FG', 'BR', 'RA', 'SN', 'UP', 'SN', 'SN', 'FG', 'FZFG', 'BR', 'SN', 'BR', 'BR', 'HZ']","['SN', 'FZFG', 'BR', 'UP', 'FG', 'SN', 'FG', 'FZFG', 'BR', 'SN', 'BR', 'UP', 'RA', 'BR', 'RA', 'FG', 'BR', 'RA', 'SN', 'BR', 'SN', 'UP', 'SN', 'UP', 'SN', 'BR', 'UP', 'BR', 'UP', 'FZRA', 'SN', 'BR', 'UP', 'SN', 'BR', 'UP', 'HZ', 'FZFG', 'BR', 'HZ', 'FG']","['SN', 'BR', 'SN', 'BR', 'SN', 'BR', 'FZFG', 'BR', 'HZ', 'FG', 'BR', 'HZ', 'SN', 'BR', 'HZ', 'SN', 'BR', 'SN', 'BR', 'SN', 'SN', 'HZ', 'SN', 'HZ', 'HZ', 'HZ', 'SN', 'HZ', 'SN', 'HZ', 'SN', 'HZ', 'SN', 'HZ', 'HZ', 'SN', 'UP', 'HZ', 'BLSN', 'SN', 'UP', 'SN', 'UP', 'HZ', 'SN', 'UP', 'HZ', 'SN', 'UP', 'HZ']","['SN', 'UP', 'HZ', 'SN', 'UP', 'HZ', 'SN', 'UP', 'SN', 'HZ', 'SN', 'SN', 'UP', 'SN', 'SN', 'UP', 'HZ', 'SN', 'UP', 'HZ', 'BR', 'HZ', 'BR', 'HZ', 'FZFG', 'BR', 'HZ', 'FG', 'SN', 'UP', 'HZ', 'SN', 'HZ', 'SN', 'UP', 'HZ', 'FZRA', 'SN', 'BR', 'UP', 'HZ', 'RA', 'FZRA', 'SN', 'BR', 'UP', 'HZ', 'SN', 'SN', 'SN', 'SN', 'FZRA', 'SN', 'BR', 'HZ', 'RA', 'FZRA', 'SN', 'BR', 'UP', 'HZ', 'RA', 'SN', 'SN', 'FZFG', 'BR', 'UP', 'HZ', 'FG', 'RA', 'SN', 'UP', 'SN', 'HZ']",?
2022,"['SN', 'UP', 'HZ']",[],[],[],[],[],[],[],[],[],[],[],?
